{
  "species": "cobblemon:manectric",
  "order": 0,
  "variations": [
    {
      "aspects": [],
      "poser": "cobblemon:manectric",
      "model": "cobblemon:manectric.geo",
      "texture": "cobblemon:textures/pokemon/0310_manectric/manectric.png",
      "layers": []
    },
    {
      "aspects": ["shiny"],
      "texture": "cobblemon:textures/pokemon/0310_manectric/manectric_shiny.png",
      "layers": []
    },
    {
      "aspects": ["mega"],
      "poser": "cobblemon:manectric_mega",
      "model": "cobblemon:manectric_mega.geo",
      "texture": "cobblemon:textures/pokemon/0310_manectric/manectric_mega.png",
      "layers": []
    },
    {
      "aspects": [ "mega", "shiny" ],
      "poser": "cobblemon:manectric_mega",
      "model": "cobblemon:manectric_mega.geo",
      "texture": "cobblemon:textures/pokemon/0310_manectric/manectric_mega_shiny.png"
    }
  ]
}
