{
  "target": "cobblemon:zygarde",
  "baseScale": 1,
  "hitbox": {
    "width": 1,
    "height": 1,
    "fixed": false
   },
   "features": ["core", "10percent", "complete", "blue", "green"],
   "forms": [
    {
      "name": "core",
      "primaryType": "dragon",
      "secondaryType": "ground",
      "abilities": [
        "aurabreak"
      ],
      "baseStats": {
        "hp": 1,
        "attack": 1,
        "defence": 1,
        "special_attack": 1,
        "special_defence": 1,
        "speed": 1
      },
      "catchRate": 3,
      "maleRatio": -1,
      "baseExperienceYield": 300,
      "baseFriendship": 0,
      "evYield": {
        "hp": 3,
        "attack": 0,
        "defence": 0,
        "special_attack": 0,
        "special_defence": 0,
        "speed": 0
      },
      "experienceGroup": "slow",
      "eggCycles": 120,
      "eggGroups": [
        "undiscovered"
      ],
      "moves": [],
      "labels": [
        "gen7",
        "legendary"
      ],
      "aspects": [
        "core"
      ],
      "height": 12,
      "weight": 335,
      "cannotDynamax": false,
      "battleOnly": false
    }
  ]
  }