{
  "head": "head",
  "portraitScale": 3.2099993,
  "portraitTranslation": [ 0.02000000000000003, -1.47, 0 ],
  "profileScale": 1.2899971,
  "profileTranslation": [ -0.010000000000000004, -0.04999999999999999, 0 ],
  "cry": "bedrock(celebi, cry)",
  "poses": {
    "standing": {
      "poseName": "standing",
      "transformTicks": 10,
      "poseTypes": [
        "STAND",
        "NONE",
        "PORTRAIT",
        "PROFILE"
      ],
      "animations": ["look", "bedrock(celebi, air_idle)"
      ],
		"quirks": [
          {
            "name": "blink",
      "minSecondsBetweenOccurrences": 8,
			"maxSecondsBetweenOccurrences": 12,      
            "animations": ["bedrock(celebi, blink)"]
          }
		  
        ]
        
      
    },
    "walking": {
        "poseName": "walking",
        "transformTicks": 10,
        "poseTypes": [ "WALK" ],
        "animations": [ "bedrock(celebi, air_walk)" 
		  ],
        "quirks": [
          {
            "name": "blink",
            "animations": ["bedrock(celebi, blink)"]
          }
        ]
  },
  "hovering": {
      "poseName": "hovering",
      "transformTicks": 10,
      "poseTypes": ["HOVER"],
      "animations": [ "bedrock(celebi, air_idle)" 
      ],
      "quirks": [
          {
            "name": "blink",
      "minSecondsBetweenOccurrences": 8,
			"maxSecondsBetweenOccurrences": 12,      
            "animations": ["bedrock(celebi, blink)"]
           }
          ]

  },
	"flying": {
      "poseName": "flying",
      "transformTicks": 10,
      "poseTypes": [ "FLY" ],
      "animations": [ "bedrock(celebi, air_walk)" 
	    ],
    
        "quirks": [
          {
            "name": "blink",
      "minSecondsBetweenOccurrences": 8,
			"maxSecondsBetweenOccurrences": 12,      
            "animations": ["bedrock(celebi, blink)"]
          }
        ]
        
      }
    }
  }
