{
  "head": "head",
  "portraitScale": 3.08,
  "portraitTranslation": [ -0.93, -1.12, 0 ],
  "profileScale": 1,
  "profileTranslation": [ 0.01, 0.45, 0 ],
  "animations": {
  "cry": "bedrock(latias, cry)"
  },
  "poses": {
    "standing": {
      "poseName": "standing",
      "transformTicks": 10,
      "poseTypes": [
        "STAND",
        "NONE",
        "PORTRAIT",
        "PROFILE"
      ],
      "animations": ["bedrock(latias, air_idle)"
      ],
		"quirks": [
          {
            "name": "blink",
      "minSecondsBetweenOccurrences": 8,
			"maxSecondsBetweenOccurrences": 12,      
            "animations": ["bedrock(latias, blink)"]
          }
		  
        ]
        
      
    },
    "walking": {
        "poseName": "walking",
        "transformTicks": 10,
        "poseTypes": [ "WALK" ],
        "animations": [ "bedrock(latias, air_walk)" 
		  ],
        "quirks": [
          {
            "name": "blink",
            "animations": ["bedrock(latias, blink)"]
          }
        ]
	},
	"battle-idle": {
        "poseName": "battle-idle",
        "transformTicks": 10,
        "poseTypes": [ "STAND" ],
        "animations": [ "bedrock(latias, air_idle)" 
		  ],
        "quirks": [
          {
            "name": "blink",
      "minSecondsBetweenOccurrences": 8,
			"maxSecondsBetweenOccurrences": 12,      
            "animations": ["bedrock(latias, blink)"]
          }
        ]
  },
  "swimming": {
      "poseName": "swimming",
      "transformTicks": 10,
      "poseTypes": ["SWIM"],
      "animations": [ "bedrock(latias, water_swim)" 
      ],
      "quirks": [
          {
            "name": "blink",
      "minSecondsBetweenOccurrences": 8,
			"maxSecondsBetweenOccurrences": 12,      
            "animations": ["bedrock(latias, blink)"]
           }
          ]
  },
  "floating": {
      "poseName": "floating",
      "transformTicks": 10,
      "poseTypes": ["FLOAT"],
      "animations": [ "bedrock(latias, water_idle)" 
      ],
      "quirks": [
          {
            "name": "blink",
      "minSecondsBetweenOccurrences": 8,
			"maxSecondsBetweenOccurrences": 12,      
            "animations": ["bedrock(latias, blink)"]
           }
          ]
  },
  "hovering": {
      "poseName": "hovering",
      "transformTicks": 10,
      "poseTypes": ["HOVER"],
      "animations": [ "bedrock(latias, air_idle)" 
      ],
      "quirks": [
          {
            "name": "blink",
      "minSecondsBetweenOccurrences": 8,
			"maxSecondsBetweenOccurrences": 12,      
            "animations": ["bedrock(latias, blink)"]
           }
          ]

  },
	"flying": {
      "poseName": "flying",
      "transformTicks": 10,
      "poseTypes": [ "FLY" ],
      "animations": [ "bedrock(latias, air_walk)" 
	    ],
    
        "quirks": [
          {
            "name": "blink",
      "minSecondsBetweenOccurrences": 8,
			"maxSecondsBetweenOccurrences": 12,      
            "animations": ["bedrock(latias, blink)"]
          }
        ]
        
      }
    }
  }
