{
  "head": "head",
  "portraitScale": 3.439999,
  "portraitTranslation": [ -0.060000000000000005, -0.5700000000000004, 0 ],
  "profileScale": 0.96000004,
  "profileTranslation": [ 0.0, 0.35, 0 ],
  "animations": {
  "cry": "bedrock(magearna, cry)"
  },
  "poses": {
    "standing": {
      "poseName": "standing",
      "transformTicks": 10,
      "poseTypes": [
        "STAND",
        "NONE",
        "PORTRAIT",
        "PROFILE"
      ],
      "animations": ["look", "bedrock(magearna, ground_idle)"
      ],
		"quirks": [
          {
            "name": "blink",
      "minSecondsBetweenOccurrences": 8,
			"maxSecondsBetweenOccurrences": 12,      
            "animations": ["bedrock(magearna, blink)"]
          }
		  
        ]
        
      
    },
    "walking": {
        "poseName": "walking",
        "transformTicks": 10,
        "poseTypes": [ "WALK" ],
        "animations": [ "bedrock(magearna, ground_walk)" 
		  ],
        "quirks": [
          {
            "name": "blink",
            "animations": ["bedrock(magearna, blink)"]
          }
        ]
	},
	"battle-idle": {
        "poseName": "battle-idle",
        "transformTicks": 10,
        "poseTypes": [ "STAND" ],
        "animations": [ "bedrock(magearna, ground_idle)" 
		  ],
        "quirks": [
          {
            "name": "blink",
      "minSecondsBetweenOccurrences": 8,
			"maxSecondsBetweenOccurrences": 12,      
            "animations": ["bedrock(magearna, blink)"]
          }
        ]
  },
  "swimming": {
      "poseName": "swimming",
      "transformTicks": 10,
      "poseTypes": ["SWIM"],
      "animations": [ "bedrock(magearna, water_swim)" 
      ],
      "quirks": [
          {
            "name": "blink",
      "minSecondsBetweenOccurrences": 8,
			"maxSecondsBetweenOccurrences": 12,      
            "animations": ["bedrock(magearna, blink)"]
           }
          ]
  },
  "floating": {
      "poseName": "floating",
      "transformTicks": 10,
      "poseTypes": ["FLOAT"],
      "animations": [ "bedrock(magearna, water_idle)" 
      ],
      "quirks": [
          {
            "name": "blink",
      "minSecondsBetweenOccurrences": 8,
			"maxSecondsBetweenOccurrences": 12,      
            "animations": ["bedrock(magearna, blink)"]
          }
        ]
        
      }
    }
  }
