{
  "head": "head",
  "portraitScale": 2.8099997,
  "portraitTranslation": [ -0.05999999999999998, -1.9800000000000004, 0 ],
  "profileScale": 1.0600001,
  "profileTranslation": [ 0.009999999999999997, 0.1, 0 ],
  "cry": "bedrock(manaphy, cry)",
  "poses": {
    "standing": {
      "poseName": "standing",
      "transformTicks": 10,
      "poseTypes": [
        "STAND",
        "NONE",
        "PORTRAIT",
        "PROFILE"
      ],
      "animations": ["look", "bedrock(manaphy, ground_idle)"
      ],
		"quirks": [
          {
            "name": "blink",
      "minSecondsBetweenOccurrences": 8,
			"maxSecondsBetweenOccurrences": 12,      
            "animations": ["bedrock(manaphy, blink)"]
          }
		  
        ]
        
      
    },
    "walking": {
        "poseName": "walking",
        "transformTicks": 10,
        "poseTypes": [ "WALK" ],
        "animations": [ "bedrock(manaphy, ground_walk)" 
		  ],
        "quirks": [
          {
            "name": "blink",
            "animations": ["bedrock(manaphy, blink)"]
          }
        ]
	},
	"battle-idle": {
        "poseName": "battle-idle",
        "transformTicks": 10,
        "poseTypes": [ "STAND" ],
        "animations": [ "bedrock(manaphy, ground_idle)" 
		  ],
        "quirks": [
          {
            "name": "blink",
      "minSecondsBetweenOccurrences": 8,
			"maxSecondsBetweenOccurrences": 12,      
            "animations": ["bedrock(manaphy, blink)"]
          }
        ]
  },
  "swimming": {
      "poseName": "swimming",
      "transformTicks": 10,
      "poseTypes": ["SWIM"],
      "animations": [ "bedrock(manaphy, water_swim)" 
      ],
      "quirks": [
          {
            "name": "blink",
      "minSecondsBetweenOccurrences": 8,
			"maxSecondsBetweenOccurrences": 12,      
            "animations": ["bedrock(manaphy, blink)"]
           }
          ]
  },
  "floating": {
      "poseName": "floating",
      "transformTicks": 10,
      "poseTypes": ["FLOAT"],
      "animations": [ "bedrock(manaphy, water_idle)" 
      ],
      "quirks": [
          {
            "name": "blink",
      "minSecondsBetweenOccurrences": 8,
			"maxSecondsBetweenOccurrences": 12,      
            "animations": ["bedrock(manaphy, blink)"]
           }
          ]       
      }
    }
  }
