{
  "head": "head",
  "portraitScale": 3.2799993,
  "portraitTranslation": [ -0.11999999999999995, -1.1199999999999997, 0 ],
  "profileScale": 1.1599972,
  "profileTranslation": [ -0.010000000000000004, 0.050000000000000024, 0 ],
  "cry": "bedrock(meloetta, cry)",
  "poses": {
    "standing": {
      "poseName": "standing",
      "transformTicks": 10,
      "poseTypes": [
        "STAND",
        "NONE",
        "PORTRAIT",
        "PROFILE"
      ],
      "animations": ["look", "bedrock(meloetta, ground_idle)"
      ],
		"quirks": [
          {
            "name": "blink",
      "minSecondsBetweenOccurrences": 8,
			"maxSecondsBetweenOccurrences": 12,      
            "animations": ["bedrock(meloetta, blink)"]
          }
		  
        ]
        
      
    },
    "walking": {
        "poseName": "walking",
        "transformTicks": 10,
        "poseTypes": [ "WALK" ],
        "animations": [ "bedrock(meloetta, ground_walk)" 
		  ],
        "quirks": [
          {
            "name": "blink",
            "animations": ["bedrock(meloetta, blink)"]
          }
        ]
  },
  "hovering": {
      "poseName": "hovering",
      "transformTicks": 10,
      "poseTypes": ["HOVER"],
      "animations": [ "bedrock(meloetta, air_idle)" 
      ],
      "quirks": [
          {
            "name": "blink",
      "minSecondsBetweenOccurrences": 8,
			"maxSecondsBetweenOccurrences": 12,      
            "animations": ["bedrock(meloetta, blink)"]
           }
          ]

  },
	"flying": {
      "poseName": "flying",
      "transformTicks": 10,
      "poseTypes": [ "FLY" ],
      "animations": [ "bedrock(meloetta, air_walk)" 
	    ],
    
        "quirks": [
          {
            "name": "blink",
      "minSecondsBetweenOccurrences": 8,
			"maxSecondsBetweenOccurrences": 12,      
            "animations": ["bedrock(meloetta, blink)"]
          }
        ]
        
      }
    }
  }
