{
  "portraitScale": 2.0,
  "portraitTranslation": [-0.50, 1.0, 0],
  "profileScale": 0.56,
  "profileTranslation": [0, 0.85, 0],
  "rootBone": "manectric",
  "animations": {
    "cry": "q.bedrock_stateful('manectric', 'cry')"
  },
  "poses": {
    "standing": {
      "poseTypes": ["STAND", "FLOAT", "PORTRAIT", "PROFILE", "NONE"],
      "animations": ["q.bedrock('manectric', 'ground_idle')"],
      "quirks": ["q.bedrock_quirk('manectric', 'blink')"]
    },
    "walking": {
      "poseTypes": ["WALK", "SWIM"],
      "animations": [
        "q.bedrock('manectric', 'ground_idle')",
        "q.quadruped_walk(0.5, 0.5, 'legleftfront', 'legrightfront', 'legleftbehind', 'legrightbehind')"
      ]
    }
  }
}
