{
	"format_version": "1.12.0",
	"minecraft:geometry": [
		{
			"description": {
				"identifier": "geometry.unknown",
				"texture_width": 64,
				"texture_height": 64,
				"visible_bounds_width": 3,
				"visible_bounds_height": 2.5,
				"visible_bounds_offset": [0, 0.75, 0]
			},
			"bones": [
				{
					"name": "electrike",
					"pivot": [0, 0, 0]
				},
				{
					"name": "body",
					"parent": "electrike",
					"pivot": [0, 0, 0]
				},
				{
					"name": "Torso",
					"parent": "body",
					"pivot": [0, 4, 3.5],
					"cubes": [
						{"origin": [-3, 4, -2], "size": [6, 5, 7], "uv": [19, 16]}
					]
				},
				{
					"name": "Torso2",
					"parent": "Torso",
					"pivot": [0, 5, -2],
					"cubes": [
						{"origin": [-3, 2, -6], "size": [6, 3, 0], "pivot": [0, 5, -6], "rotation": [40, 0, 0], "uv": [50, 5]},
						{"origin": [-3, 5, -6], "size": [6, 5, 5], "inflate": 0.001, "uv": [22, 28]}
					]
				},
				{
					"name": "Head",
					"parent": "Torso2",
					"pivot": [-0.00278, 6.15887, -2.93777],
					"cubes": [
						{"origin": [0.5, 10, -9.1], "size": [3, 1, 1], "pivot": [2, 10.5, -8.6], "rotation": [0.95723, -2.30959, -15.0193], "uv": [22, 2]},
						{"origin": [-2, 7, -11], "size": [4, 2, 3], "inflate": 0.001, "uv": [45, 0]},
						{"origin": [-1.8, 6.8, -11], "size": [1, 1, 0], "pivot": [-1.3, 7.3, -11], "rotation": [0, 0, 45], "uv": [43, 63]},
						{"origin": [-0.5, 8.1, -11.1], "size": [1, 1, 1], "inflate": 0.001, "uv": [22, 4]},
						{"origin": [-1.04645, 8.2, -9.85355], "size": [2, 3, 2], "inflate": 0.01, "pivot": [-0.04645, 9.2, -8.85355], "rotation": [-36.36024, 38.84468, -24.78507], "uv": [0, 0]},
						{"origin": [-3.5, 10, -9.1], "size": [3, 1, 1], "pivot": [-2, 10.5, -8.6], "rotation": [0.95723, 2.30959, 15.0193], "uv": [22, 2], "mirror": true},
						{"origin": [-3.5, 6, -9], "size": [7, 7, 6], "inflate": 0.01, "uv": [0, 10]},
						{"origin": [2.56159, 6.66529, -8.63244], "size": [2, 5, 9], "inflate": 0.001, "pivot": [4.06159, 9.16529, -4.13244], "rotation": [7.67995, 12.39135, 4.1575], "uv": [0, 23]},
						{"origin": [2.56159, 7.16529, 0.36756], "size": [2, 4, 3], "inflate": 0.001, "pivot": [4.06159, 9.16529, -4.13244], "rotation": [7.67995, 12.39135, 4.1575], "uv": [51, 37]},
						{"origin": [-3.499, 11.80127, -8.79128], "size": [7, 2, 8], "pivot": [0.001, 11.80127, -2.79128], "rotation": [7.5, 0, 0], "uv": [0, 0]},
						{"origin": [-2.499, 11.80127, -0.79128], "size": [5, 2, 3], "pivot": [0.001, 11.80127, -2.79128], "rotation": [7.5, 0, 0], "uv": [39, 28]},
						{"origin": [0.55, 8.6, -9.02], "size": [3, 2, 1], "uv": [0, 23]},
						{"origin": [-3.55, 8.6, -9.02], "size": [3, 2, 1], "uv": [0, 23], "mirror": true},
						{"origin": [-4.56159, 6.66529, -8.63244], "size": [2, 5, 9], "inflate": 0.001, "pivot": [-4.06159, 9.16529, -4.13244], "rotation": [7.67995, -12.39135, -4.1575], "uv": [0, 23], "mirror": true},
						{"origin": [-4.56159, 7.16529, 0.36756], "size": [2, 4, 3], "inflate": 0.001, "pivot": [-4.06159, 9.16529, -4.13244], "rotation": [7.67995, -12.39135, -4.1575], "uv": [51, 37], "mirror": true},
						{"origin": [0.8, 6.8, -11], "size": [1, 1, 0], "pivot": [1.3, 7.3, -11], "rotation": [0, 0, -45], "uv": [43, 63], "mirror": true}
					]
				},
				{
					"name": "Mouth",
					"parent": "Head",
					"pivot": [0, 7.03333, -8.9],
					"cubes": [
						{"origin": [-1.5, 6, -10.9], "size": [3, 1, 3], "inflate": 0.001, "uv": [48, 14]},
						{"origin": [-1.3, 6.2, -10.9], "size": [1, 1, 0], "pivot": [-0.8, 6.7, -10.9], "rotation": [0, 0, 45], "uv": [62, 63]},
						{"origin": [0.3, 6.2, -10.9], "size": [1, 1, 0], "pivot": [0.8, 6.7, -10.9], "rotation": [0, 0, -45], "uv": [62, 63], "mirror": true}
					]
				},
				{
					"name": "EyeLeft",
					"parent": "Head",
					"pivot": [1, 9.1, -5.5],
					"cubes": [
						{"origin": [2.5, 8.9, -8.84], "size": [0, 1, 0], "inflate": 0.2, "uv": [3, 27]},
						{"origin": [2, 8.6, -9.03], "size": [1, 2, 0], "uv": [0, 27]}
					]
				},
				{
					"name": "EyeRight",
					"parent": "Head",
					"pivot": [-1, 9.1, -5.5],
					"cubes": [
						{"origin": [-2.5, 8.9, -8.84], "size": [0, 1, 0], "inflate": 0.2, "uv": [3, 27], "mirror": true},
						{"origin": [-3, 8.6, -9.03], "size": [1, 2, 0], "uv": [0, 27], "mirror": true}
					]
				},
				{
					"name": "Tail1",
					"parent": "Torso",
					"pivot": [0, 5.98977, 2.9257],
					"cubes": [
						{"origin": [-1.5, 5.42265, 2.87829], "size": [3, 3, 5], "pivot": [0, 6.92265, 7.37829], "rotation": [8.90928, 8.80348, -44.31282], "uv": [34, 0]}
					]
				},
				{
					"name": "Tail2",
					"parent": "Tail1",
					"pivot": [0, 5.58018, 7.89533],
					"cubes": [
						{"origin": [-1, 5.92265, 7.87829], "size": [2, 2, 3], "pivot": [0, 6.92265, 7.37829], "rotation": [8.90928, 8.80348, -44.31282], "uv": [52, 30]},
						{"origin": [0, 4.86969, 10.82933], "size": [0, 3, 3], "pivot": [-0.5, 6.86969, 4.82933], "rotation": [12.5, 0, 0], "uv": [0, 2]}
					]
				},
				{
					"name": "legRight",
					"parent": "body",
					"pivot": [-3.5, 6.3294, -2.84672],
					"cubes": [
						{"origin": [-5, 3, -5], "size": [3, 3, 4], "inflate": 0.001, "pivot": [-3, 5, -3.5], "rotation": [22.5, 0, 0], "uv": [38, 15], "mirror": true}
					]
				},
				{
					"name": "kneeRight",
					"parent": "legRight",
					"pivot": [-4.25, 4.37069, -2.41442],
					"cubes": [
						{"origin": [-5, 2, -1], "size": [0, 3, 2], "pivot": [-4, 4, -3.5], "rotation": [-10, 0, 0], "uv": [0, 11], "mirror": true},
						{"origin": [-5, 1, -4], "size": [3, 4, 3], "pivot": [-3, 4, -3.5], "rotation": [-10, 0, 0], "uv": [48, 48], "mirror": true}
					]
				},
				{
					"name": "feet2",
					"parent": "kneeRight",
					"pivot": [-3.5, 2, -2.5],
					"cubes": [
						{"origin": [-5, 0, -5.5], "size": [3, 2, 4], "inflate": 0.001, "uv": [43, 8], "mirror": true}
					]
				},
				{
					"name": "legLeft",
					"parent": "body",
					"pivot": [3.5, 6.3294, -2.84672],
					"cubes": [
						{"origin": [2, 3, -5], "size": [3, 3, 4], "inflate": 0.001, "pivot": [3, 5, -3.5], "rotation": [22.5, 0, 0], "uv": [38, 15]}
					]
				},
				{
					"name": "kneeLeft",
					"parent": "legLeft",
					"pivot": [4.25, 4.37069, -2.41442],
					"cubes": [
						{"origin": [5, 2, -1], "size": [0, 3, 2], "pivot": [4, 4, -3.5], "rotation": [-10, 0, 0], "uv": [0, 11]},
						{"origin": [2, 1, -4], "size": [3, 4, 3], "pivot": [3, 4, -3.5], "rotation": [-10, 0, 0], "uv": [48, 48]}
					]
				},
				{
					"name": "feet",
					"parent": "kneeLeft",
					"pivot": [3.5, 2, -2.5],
					"cubes": [
						{"origin": [2, 0, -5.5], "size": [3, 2, 4], "inflate": 0.001, "uv": [43, 8]}
					]
				},
				{
					"name": "BackLegRight",
					"parent": "body",
					"pivot": [-4.25, 7.05238, 3.04067],
					"cubes": [
						{"origin": [-5, 3, 1], "size": [3, 4, 4], "inflate": 0.001, "pivot": [-3, 5, 2.5], "rotation": [22.5, 0, 0], "uv": [28, 38], "mirror": true},
						{"origin": [-5, 3, 5], "size": [0, 4, 5], "inflate": 0.001, "pivot": [-4, 5, 2.5], "rotation": [22.5, 0, 0], "uv": [38, 43], "mirror": true}
					]
				},
				{
					"name": "BackKneeRight",
					"parent": "BackLegRight",
					"pivot": [-3.5, 4.34154, 3.81116],
					"cubes": [
						{"origin": [-5, 1, 2], "size": [3, 4, 3], "pivot": [-3, 4, 2.5], "rotation": [-10, 0, 0], "uv": [49, 20], "mirror": true}
					]
				},
				{
					"name": "BackFeetRight",
					"parent": "BackKneeRight",
					"pivot": [0, 0, 0],
					"cubes": [
						{"origin": [-5, 0, 0.5], "size": [3, 2, 4], "inflate": 0.001, "uv": [0, 45], "mirror": true}
					]
				},
				{
					"name": "BackLegLeft",
					"parent": "body",
					"pivot": [4.25, 7.05238, 3.04067],
					"cubes": [
						{"origin": [2, 3, 1], "size": [3, 4, 4], "inflate": 0.001, "pivot": [3, 5, 2.5], "rotation": [22.5, 0, 0], "uv": [28, 38]},
						{"origin": [5, 3, 5], "size": [0, 4, 5], "inflate": 0.001, "pivot": [4, 5, 2.5], "rotation": [22.5, 0, 0], "uv": [38, 43]}
					]
				},
				{
					"name": "BackKneeLeft",
					"parent": "BackLegLeft",
					"pivot": [3.5, 4.34154, 3.81116],
					"cubes": [
						{"origin": [2, 1, 2], "size": [3, 4, 3], "pivot": [3, 4, 2.5], "rotation": [-10, 0, 0], "uv": [49, 20]}
					]
				},
				{
					"name": "BackFeetLeft",
					"parent": "BackKneeLeft",
					"pivot": [0, 0, 0],
					"cubes": [
						{"origin": [2, 0, 0.5], "size": [3, 2, 4], "inflate": 0.001, "uv": [0, 45]}
					]
				}
			]
		}
	]
}