{
	"format_version": "1.12.0",
	"minecraft:geometry": [
		{
			"description": {
				"identifier": "geometry.iron_treads",
				"texture_width": 256,
				"texture_height": 256,
				"visible_bounds_width": 5,
				"visible_bounds_height": 3.5,
				"visible_bounds_offset": [0, 1.25, 0]
			},
			"bones": [
				{
					"name": "donphan",
					"pivot": [0, 0, 0]
				},
				{
					"name": "body",
					"parent": "donphan",
					"pivot": [0, 0, 0]
				},
				{
					"name": "torso",
					"parent": "body",
					"pivot": [0, 7, 0]
				},
				{
					"name": "torso_back",
					"parent": "torso",
					"pivot": [0, 20, 3],
					"cubes": [
						{"origin": [-9, 4.5, 3], "size": [18, 15, 10], "uv": [0, 26]}
					]
				},
				{
					"name": "torso_front",
					"parent": "torso",
					"pivot": [0, 12, -4.5],
					"cubes": [
						{"origin": [-9, 4.5, -5], "size": [18, 15, 8], "inflate": 0.01, "uv": [3, 3]}
					]
				},
				{
					"name": "head",
					"parent": "torso_front",
					"pivot": [0, 15.25, -4.75],
					"cubes": [
						{"origin": [-6, 8, -13.5], "size": [12, 11, 3], "inflate": 0.01, "uv": [74, 82]},
						{"origin": [-7, 6, -10.5], "size": [14, 13, 7], "inflate": 0.01, "uv": [58, 0]}
					]
				},
				{
					"name": "tusk_right",
					"parent": "head",
					"pivot": [-5.5, 12, -8],
					"rotation": [0, -27.5, 0],
					"cubes": [
						{"origin": [-10, 10, -10], "size": [5, 4, 4], "inflate": 0.01, "uv": [20, 107]}
					]
				},
				{
					"name": "tusk_right2",
					"parent": "tusk_right",
					"pivot": [-8.5, 12, -8],
					"cubes": [
						{"origin": [-14, 10.5, -9.5], "size": [4, 3, 3], "inflate": 0.01, "uv": [0, 117]}
					]
				},
				{
					"name": "tusk_right3",
					"parent": "tusk_right2",
					"pivot": [-14, 11, -8],
					"rotation": [0, 0, 22.5],
					"cubes": [
						{"origin": [-18, 11, -9], "size": [4, 2, 2], "inflate": 0.01, "uv": [74, 119]}
					]
				},
				{
					"name": "tusk_left",
					"parent": "head",
					"pivot": [5.5, 12, -8],
					"rotation": [0, 27.5, 0],
					"cubes": [
						{"origin": [5, 10, -10], "size": [5, 4, 4], "inflate": 0.01, "uv": [108, 68]}
					]
				},
				{
					"name": "tusk_left2",
					"parent": "tusk_left",
					"pivot": [8.5, 12, -8],
					"cubes": [
						{"origin": [10, 10.5, -9.5], "size": [4, 3, 3], "inflate": 0.01, "uv": [102, 118]}
					]
				},
				{
					"name": "tusk_left3",
					"parent": "tusk_left2",
					"pivot": [14, 11, -8],
					"rotation": [0, 0, -22.5],
					"cubes": [
						{"origin": [14, 11, -9], "size": [4, 2, 2], "inflate": 0.01, "uv": [86, 119]}
					]
				},
				{
					"name": "front_plate",
					"parent": "torso_front",
					"pivot": [0, 25, 1],
					"rotation": [2.5, 0, 0],
					"cubes": [
						{"origin": [-7, 19.5, -11], "size": [14, 6, 12], "uv": [0, 51]}
					]
				},
				{
					"name": "tread",
					"parent": "front_plate",
					"pivot": [0, 20, 2],
					"rotation": [-10, 0, 0]
				},
				{
					"name": "tread4",
					"parent": "front_plate",
					"pivot": [0, 24.5, -11],
					"rotation": [7.5, 0, 0]
				},
				{
					"name": "head_plate",
					"parent": "front_plate",
					"pivot": [0, 25, -11],
					"rotation": [15, 0, 0],
					"cubes": [
						{"origin": [-6.5, 19, -23], "size": [13, 6, 12], "uv": [52, 51]}
					]
				},
				{
					"name": "tread5",
					"parent": "head_plate",
					"pivot": [0, 24.25, -22]
				},
				{
					"name": "trunk",
					"parent": "head_plate",
					"pivot": [0, 25, -23],
					"cubes": [
						{"origin": [-5, 20, -32], "size": [10, 5, 9], "uv": [0, 69]}
					]
				},
				{
					"name": "tread6",
					"parent": "trunk",
					"pivot": [0, 24.5, -31]
				},
				{
					"name": "trunk2",
					"parent": "trunk",
					"pivot": [0, 24.5, -32],
					"cubes": [
						{"origin": [-4, 20.5, -41], "size": [8, 4, 9], "inflate": 0.01, "uv": [74, 69]}
					]
				},
				{
					"name": "trunk3",
					"parent": "trunk2",
					"pivot": [0, 24, -41],
					"cubes": [
						{"origin": [-4, 22, -47], "size": [8, 2, 6], "uv": [100, 10]}
					]
				},
				{
					"name": "tread8",
					"parent": "trunk3",
					"pivot": [0, 23.75, -43.5]
				},
				{
					"name": "tread7",
					"parent": "trunk2",
					"pivot": [0, 24.25, -37.5]
				},
				{
					"name": "back_plate",
					"parent": "front_plate",
					"pivot": [0, 25, 1],
					"rotation": [-15, 0, 0],
					"cubes": [
						{"origin": [-6, 19, 1], "size": [12, 6, 12], "uv": [56, 26]}
					]
				},
				{
					"name": "tread2",
					"parent": "back_plate",
					"pivot": [0, 20.25, 12.25],
					"rotation": [-27.5, 0, 0]
				},
				{
					"name": "tail",
					"parent": "back_plate",
					"pivot": [0, 24, 13],
					"rotation": [-37.5, 0, 0],
					"cubes": [
						{"origin": [-4, 18, 13], "size": [8, 6, 10], "uv": [38, 69]}
					]
				},
				{
					"name": "tread3",
					"parent": "tail",
					"pivot": [0, 23, 23]
				},
				{
					"name": "tail2",
					"parent": "tail",
					"pivot": [0, 23, 23],
					"cubes": [
						{"origin": [-2.5, 21, 22], "size": [5, 2, 8], "uv": [100, 0]}
					]
				},
				{
					"name": "ear_left",
					"parent": "torso_front",
					"pivot": [7, 19, -7.5],
					"cubes": [
						{"origin": [7, 19, -11.5], "size": [9, 0, 8], "uv": [0, 83]}
					]
				},
				{
					"name": "ear_left2",
					"parent": "ear_left",
					"pivot": [16, 19, -7.5],
					"cubes": [
						{"origin": [16, 19, -10.5], "size": [7, 0, 6], "uv": [56, 44]}
					]
				},
				{
					"name": "ear_right",
					"parent": "torso_front",
					"pivot": [-7, 19, -7.5],
					"cubes": [
						{"origin": [-16, 19, -11.5], "size": [9, 0, 8], "uv": [34, 85]}
					]
				},
				{
					"name": "ear_right2",
					"parent": "ear_right",
					"pivot": [-16, 19, -7.5],
					"cubes": [
						{"origin": [-23, 19, -10.5], "size": [7, 0, 6], "uv": [58, 20]}
					]
				},
				{
					"name": "leg_front_left",
					"parent": "body",
					"pivot": [6.25, 9, -5],
					"rotation": [0, 0, -22.5],
					"cubes": [
						{"origin": [3.75, 3, -8.5], "size": [7, 8, 6], "uv": [0, 91]},
						{"origin": [4.75, 1, -7.5], "size": [5, 2, 4], "uv": [84, 20]}
					]
				},
				{
					"name": "leg_front_left2",
					"parent": "leg_front_left",
					"pivot": [11.25, 3.48333, -9.5],
					"rotation": [0, 0, 22.5],
					"cubes": [
						{"origin": [9.25, -2.5, -9.5], "size": [2, 4, 8], "inflate": 0.01, "uv": [102, 44]},
						{"origin": [9.25, 1.5, -7], "size": [2, 2, 3], "inflate": 0.01, "uv": [122, 47]},
						{"origin": [9.25, 3.5, -9.5], "size": [2, 4, 8], "inflate": 0.01, "uv": [104, 106]},
						{"origin": [9.25, 7.5, -8.5], "size": [2, 3, 6], "inflate": 0.01, "uv": [54, 110]}
					]
				},
				{
					"name": "toe_front_left",
					"parent": "leg_front_left2",
					"pivot": [7.25, -0.5, -9.5]
				},
				{
					"name": "toe_front_left2",
					"parent": "leg_front_left2",
					"pivot": [4.75, -0.5, -9.5]
				},
				{
					"name": "toe_front_left3",
					"parent": "leg_front_left2",
					"pivot": [9.75, -0.5, -9.5]
				},
				{
					"name": "leg_front_right",
					"parent": "body",
					"pivot": [-6.25, 9, -5],
					"rotation": [0, 0, 22.5],
					"cubes": [
						{"origin": [-10.75, 3, -8.5], "size": [7, 8, 6], "uv": [26, 93]},
						{"origin": [-9.75, 1, -7.5], "size": [5, 2, 4], "uv": [20, 115]}
					]
				},
				{
					"name": "leg_front_right2",
					"parent": "leg_front_right",
					"pivot": [-11.25, 3.48333, -9.5],
					"rotation": [0, 0, -22.5],
					"cubes": [
						{"origin": [-11.25, -2.5, -9.5], "size": [2, 4, 8], "inflate": 0.01, "uv": [102, 56]},
						{"origin": [-11.25, 1.5, -7], "size": [2, 2, 3], "inflate": 0.01, "uv": [122, 42]},
						{"origin": [-11.25, 3.5, -9.5], "size": [2, 4, 8], "inflate": 0.01, "uv": [0, 105]},
						{"origin": [-11.25, 7.5, -8.5], "size": [2, 3, 6], "inflate": 0.01, "uv": [86, 110]}
					]
				},
				{
					"name": "toe_front_right",
					"parent": "leg_front_right2",
					"pivot": [-7.25, -0.5, -9.5]
				},
				{
					"name": "toe_front_right2",
					"parent": "leg_front_right2",
					"pivot": [-4.75, -0.5, -9.5]
				},
				{
					"name": "toe_front_right3",
					"parent": "leg_front_right2",
					"pivot": [-9.75, -0.5, -9.5]
				},
				{
					"name": "leg_back_left",
					"parent": "body",
					"pivot": [6.25, 9, 9],
					"rotation": [0, 0, -22.5],
					"cubes": [
						{"origin": [3.75, 3, 5.5], "size": [7, 8, 6], "uv": [52, 96]},
						{"origin": [4.75, 1, 6.5], "size": [5, 2, 4], "uv": [82, 44]}
					]
				},
				{
					"name": "leg_back_left2",
					"parent": "leg_back_left",
					"pivot": [11.25, 3.43333, 4.5],
					"rotation": [0, 0, 22.5],
					"cubes": [
						{"origin": [9.25, -2.5, 4.5], "size": [2, 4, 8], "inflate": 0.01, "uv": [104, 18]},
						{"origin": [9.25, 1.5, 7], "size": [2, 2, 3], "inflate": 0.01, "uv": [24, 121]},
						{"origin": [9.25, 3.5, 4.5], "size": [2, 4, 8], "inflate": 0.01, "uv": [104, 94]},
						{"origin": [9.25, 7.5, 5.5], "size": [2, 3, 6], "inflate": 0.01, "uv": [38, 110]}
					]
				},
				{
					"name": "toe_front_left4",
					"parent": "leg_back_left2",
					"pivot": [7.25, -0.5, 4.5]
				},
				{
					"name": "toe_front_left5",
					"parent": "leg_back_left2",
					"pivot": [4.75, -0.5, 4.5]
				},
				{
					"name": "toe_front_left6",
					"parent": "leg_back_left2",
					"pivot": [9.75, -0.5, 4.5]
				},
				{
					"name": "leg_back_right",
					"parent": "body",
					"pivot": [-6.25, 9, 9],
					"rotation": [0, 0, 22.5],
					"cubes": [
						{"origin": [-10.75, 3, 5.5], "size": [7, 8, 6], "uv": [78, 96]},
						{"origin": [-9.75, 1, 6.5], "size": [5, 2, 4], "uv": [108, 76]}
					]
				},
				{
					"name": "leg_back_right2",
					"parent": "leg_back_right",
					"pivot": [-11.25, 3.43333, 4.5],
					"rotation": [0, 0, -22.5],
					"cubes": [
						{"origin": [-11.25, -2.5, 4.5], "size": [2, 4, 8], "inflate": 0.01, "uv": [104, 30]},
						{"origin": [-11.25, 1.5, 7], "size": [2, 2, 3], "inflate": 0.01, "uv": [14, 121]},
						{"origin": [-11.25, 3.5, 4.5], "size": [2, 4, 8], "inflate": 0.01, "uv": [104, 82]},
						{"origin": [-11.25, 7.5, 5.5], "size": [2, 3, 6], "inflate": 0.01, "uv": [70, 110]}
					]
				},
				{
					"name": "toe_front_right4",
					"parent": "leg_back_right2",
					"pivot": [-7.25, -0.5, 4.5]
				},
				{
					"name": "toe_front_right5",
					"parent": "leg_back_right2",
					"pivot": [-4.75, -0.5, 4.5]
				},
				{
					"name": "toe_front_right6",
					"parent": "leg_back_right2",
					"pivot": [-9.75, -0.5, 4.5]
				}
			]
		}
	]
}