{
	"format_version": "1.12.0",
	"minecraft:geometry": [
		{
			"description": {
				"identifier": "geometry.magearna",
				"texture_width": 64,
				"texture_height": 64,
				"visible_bounds_width": 3,
				"visible_bounds_height": 2.5,
				"visible_bounds_offset": [0, 0.75, 0]
			},
			"bones": [
				{
					"name": "magearna",
					"pivot": [0, 0, 0]
				},
				{
					"name": "body",
					"parent": "magearna",
					"pivot": [0, 0, 0]
				},
				{
					"name": "head",
					"parent": "body",
					"pivot": [0, 14.2, 0],
					"cubes": [
						{"origin": [-2.5, 14, -2.5], "size": [5, 5, 5], "uv": [0, 54]},
						{"origin": [-2, 14.07719, -1.38874], "size": [4, 3, 4], "pivot": [-0.5, 14.14013, 2.49649], "rotation": [-52.5, 0, 0], "uv": [0, 42]},
						{"origin": [-0.5, 18, 0], "size": [1, 2, 1], "uv": [14, 50]},
						{"origin": [0.1, 19, 1.01], "size": [7, 5, 0], "uv": [0, 49], "mirror": true},
						{"origin": [-7.1, 19, 1.01], "size": [7, 5, 0], "uv": [0, 49]},
						{"origin": [-4.5, 13, 0], "size": [9, 8, 0], "uv": [20, 56]}
					]
				},
				{
					"name": "eyes_static",
					"parent": "head",
					"pivot": [0, 14, 0],
					"cubes": [
						{"origin": [-3.5, 13.4, -2.501], "size": [7, 6, 0], "uv": [26, 50]}
					]
				},
				{
					"name": "eyes_on",
					"parent": "head",
					"pivot": [0, 14, 0],
					"cubes": [
						{"origin": [-3.5, 13.1, -2.503], "size": [7, 6, 0], "uv": [26, 44]},
						{"origin": [-3.25, 13.1, -2.504], "size": [6, 6, 0], "uv": [26, 38]}
					]
				},
				{
					"name": "eyes_off",
					"parent": "head",
					"pivot": [0, 14, 1],
					"cubes": [
						{"origin": [-3.25, 13.1, -1.504], "size": [6, 6, 0], "uv": [26, 26]},
						{"origin": [-3.5, 13.6, -1.503], "size": [7, 6, 0], "uv": [26, 32]}
					]
				},
				{
					"name": "hips",
					"parent": "body",
					"pivot": [0, 11.8, 0],
					"cubes": [
						{"origin": [-0.5, 8, -0.5], "size": [1, 2, 1], "uv": [12, 37]},
						{"origin": [-0.5, 13, -0.5], "size": [1, 1, 1], "uv": [18, 50]},
						{"origin": [-1.5, 10, -1.5], "size": [3, 3, 3], "uv": [12, 40]},
						{"origin": [1.5, 11.5, -1], "size": [2, 2, 2], "uv": [18, 52], "mirror": true},
						{"origin": [-3.5, 11.5, -1], "size": [2, 2, 2], "uv": [18, 52]}
					]
				},
				{
					"name": "dress",
					"parent": "hips",
					"pivot": [0, 0, 0.5],
					"cubes": [
						{"origin": [-5.5, 10, -5.5], "size": [11, 0, 11], "uv": [31, 53]},
						{"origin": [-5.5, 1, -5.5], "size": [0, 9, 11], "uv": [42, 24]},
						{"origin": [5.5, 1, -5.5], "size": [0, 9, 11], "uv": [42, 24], "mirror": true},
						{"origin": [-5.5, 1, 5.5], "size": [11, 9, 0], "uv": [42, 44], "mirror": true},
						{"origin": [-5.5, 1, -5.5], "size": [11, 9, 0], "uv": [42, 44]},
						{"origin": [-3.5, 3, -5.51], "size": [7, 6, 0], "uv": [42, 29]},
						{"origin": [-3.5, 3, 5.51], "size": [7, 6, 0], "uv": [42, 23]}
					]
				},
				{
					"name": "hands",
					"parent": "body",
					"pivot": [0, 0, 0]
				},
				{
					"name": "right_hands",
					"parent": "hands",
					"pivot": [2.5, 12.5, 0],
					"cubes": [
						{"origin": [2.5, 12, -0.5], "size": [3, 1, 1], "uv": [0, 40], "mirror": true},
						{"origin": [4.5, 11.5, -1], "size": [4, 2, 2], "uv": [0, 36], "mirror": true},
						{"origin": [8.5, 12, -0.5], "size": [1, 1, 1], "uv": [8, 34], "mirror": true}
					]
				},
				{
					"name": "left_hands",
					"parent": "hands",
					"pivot": [-2.5, 12.5, 0],
					"cubes": [
						{"origin": [-5.5, 12, -0.5], "size": [3, 1, 1], "uv": [0, 40]},
						{"origin": [-9.5, 12, -0.5], "size": [1, 1, 1], "uv": [8, 34]},
						{"origin": [-8.5, 11.5, -1], "size": [4, 2, 2], "uv": [0, 36]}
					]
				},
				{
					"name": "legs",
					"parent": "body",
					"pivot": [0, 0, 0]
				},
				{
					"name": "leg_l",
					"parent": "legs",
					"pivot": [-1, 9.06667, -0.03333],
					"cubes": [
						{"origin": [-1.5, 0, -0.5], "size": [1, 9, 1], "uv": [0, 26]},
						{"origin": [-2, 4.2, -1.1], "size": [2, 3, 2], "uv": [16, 35]},
						{"origin": [-2, 2, -1], "size": [2, 0, 2], "uv": [2, 34]}
					]
				},
				{
					"name": "leg_r",
					"parent": "legs",
					"pivot": [1, 9.06667, -0.03333],
					"cubes": [
						{"origin": [0.5, 0, -0.5], "size": [1, 9, 1], "uv": [0, 26], "mirror": true},
						{"origin": [0, 4.2, -1.1], "size": [2, 3, 2], "uv": [16, 35], "mirror": true},
						{"origin": [0, 2, -1], "size": [2, 0, 2], "uv": [2, 34], "mirror": true}
					]
				}
			]
		}
	]
}