{
    "enabled": true,
    "neededInstalledMods": [],
    "neededUninstalledMods": [],
    "spawns": [
        {
            "id": "xurkitree-1",
            "pokemon": "xurkitree",
            "type": "pokemon",
            "context": "grounded",
            "bucket": "ultra-rare",
            "level": "15-32",
            "weight": 3.5,
            "condition": {
                "canSeeSky": true,
                "biomes": [
                    "minecraft:mangrove_swamp"
                ]
            }
        }
    ]
}