{
	"format_version": "1.12.0",
	"minecraft:geometry": [
		{
			"description": {
				"identifier": "geometry.meloetta",
				"texture_width": 30,
				"texture_height": 50,
				"visible_bounds_width": 2,
				"visible_bounds_height": 2.5,
				"visible_bounds_offset": [0, 0.75, 0]
			},
			"bones": [
				{
					"name": "meloetta",
					"pivot": [0, 0, 0]
				},
				{
					"name": "body",
					"parent": "meloetta",
					"pivot": [0, 0, 0]
				},
				{
					"name": "head",
					"parent": "body",
					"pivot": [0, 11, 0],
					"cubes": [
						{"origin": [-3, 11.1, -3], "size": [6, 6, 6], "uv": [0, 6]},
						{"origin": [-3.01, 10.1, -4], "size": [0, 8, 8], "uv": [14, 10]},
						{"origin": [3.001, 3.1, -3], "size": [1, 13, 6], "uv": [0, 18]}
					]
				},
				{
					"name": "eyes",
					"parent": "head",
					"pivot": [0, 1, 0.5]
				},
				{
					"name": "open_eyes",
					"parent": "eyes",
					"pivot": [0, 13.16667, -3.00167],
					"cubes": [
						{"origin": [-2, 12.5, -3.002], "size": [4, 1, 0], "uv": [4, 38]},
						{"origin": [-2.25, 12.5, -3.004], "size": [5, 2, 0], "uv": [14, 30]},
						{"origin": [-1.95, 12, -3.002], "size": [2, 2, 0], "uv": [14, 38]},
						{"origin": [-0.05, 12, -3.002], "size": [2, 2, 0], "uv": [14, 38], "mirror": true},
						{"origin": [1, 12, -3.002], "size": [2, 2, 0], "uv": [14, 40], "mirror": true},
						{"origin": [-3, 12, -3.002], "size": [2, 2, 0], "uv": [14, 40]},
						{"origin": [-3.25, 11.3, -3.001], "size": [6, 4, 0], "uv": [14, 26]}
					]
				},
				{
					"name": "closed_eyes",
					"parent": "eyes",
					"pivot": [-0.25, 13.2, -2.901],
					"cubes": [
						{"origin": [-3.25, 11.3, -2.901], "size": [6, 4, 0], "uv": [14, 34]}
					]
				},
				{
					"name": "mouth",
					"parent": "head",
					"pivot": [0, 1, 0.5]
				},
				{
					"name": "closed",
					"parent": "mouth",
					"pivot": [-0.125, 11.65, -2.0015],
					"cubes": [
						{"origin": [-1.25, 11.3, -3.002], "size": [2, 1, 0], "uv": [4, 39]},
						{"origin": [-1, 11, -3.001], "size": [2, 1, 0], "uv": [4, 37]}
					]
				},
				{
					"name": "open",
					"parent": "mouth",
					"pivot": [-0.125, 11.65, -3.0015],
					"cubes": [
						{"origin": [-1.25, 11.3, -2.002], "size": [2, 1, 0], "uv": [4, 40]},
						{"origin": [-1, 11, -2.001], "size": [2, 1, 0], "uv": [4, 41]}
					]
				},
				{
					"name": "hips",
					"parent": "body",
					"pivot": [0, 11, 0],
					"cubes": [
						{"origin": [-1, 7.1, -0.5], "size": [2, 3, 1], "uv": [16, 2]},
						{"origin": [-0.5, 10.1, -0.5], "size": [1, 1, 1], "uv": [14, 32]},
						{"origin": [-1.5, 3.1, -1], "size": [3, 4, 2], "uv": [0, 0]},
						{"origin": [-1.5, 2.1, 1], "size": [3, 5, 0], "uv": [10, 1]},
						{"origin": [1.5, 2.1, -1], "size": [0, 5, 2], "uv": [26, 4]}
					]
				},
				{
					"name": "hands",
					"parent": "body",
					"pivot": [0, 0, 0]
				},
				{
					"name": "right",
					"parent": "hands",
					"pivot": [1, 9.6, 0],
					"cubes": [
						{"origin": [-1.5, 4, 0], "size": [3, 6, 0], "pivot": [1, 10, 0], "rotation": [0, 0, -42.5], "uv": [24, 0], "mirror": true}
					]
				},
				{
					"name": "left",
					"parent": "hands",
					"pivot": [-1, 9.6, 0],
					"cubes": [
						{"origin": [-1.5, 4, 0], "size": [3, 6, 0], "pivot": [-1, 10, 0], "rotation": [0, 0, 42.5], "uv": [24, 0]}
					]
				},
				{
					"name": "legs",
					"parent": "body",
					"pivot": [0, 0, 0]
				},
				{
					"name": "leg_r",
					"parent": "legs",
					"pivot": [0.7, 6.99, 0]
				},
				{
					"name": "leg_r_up",
					"parent": "leg_r",
					"pivot": [0.7, 6.99, 0],
					"cubes": [
						{"origin": [0.2, 2.99, -0.5], "size": [1, 4, 1], "uv": [0, 37], "mirror": true}
					]
				},
				{
					"name": "leg_r_down",
					"parent": "leg_r",
					"pivot": [0.7, 2.99, 0],
					"cubes": [
						{"origin": [0.2, -0.01, -0.5], "size": [1, 3, 1], "uv": [0, 41], "mirror": true}
					]
				},
				{
					"name": "leg_l",
					"parent": "legs",
					"pivot": [-0.7, 6.99, 0]
				},
				{
					"name": "leg_l_up",
					"parent": "leg_l",
					"pivot": [-0.7, 6.99, 0],
					"cubes": [
						{"origin": [-1.2, 2.99, -0.5], "size": [1, 4, 1], "uv": [0, 37]}
					]
				},
				{
					"name": "leg_l_down",
					"parent": "leg_l",
					"pivot": [-0.7, 2.99, 0],
					"cubes": [
						{"origin": [-1.2, -0.01, -0.5], "size": [1, 3, 1], "uv": [0, 41]}
					]
				}
			]
		}
	]
}