{
    "values": [
        "minecraft:plains",
        "minecraft:savanna",
        "minecraft:forest",
        "minecraft:taiga",
        "minecraft:cherry_grove",
        "minecraft:meadow",
        "minecraft:grove",
        "minecraft:birch_forest",
        "minecraft:badlands",
        "minecraft:desert",
        "minecraft:windswept_forest",
        "minecraft:flower_forest",
        "minecraft:old_growth_pine_taiga",
        "minecraft:old_growth_birch_forest",
        "minecraft:dark_forest",
        "minecraft:sparse_jungle",
        "minecraft:sunflower_plains",
        "minecraft:snowy_plains",
        "minecraft:wooded_badlands",
        { "id": "terralith:blooming_plateau", "required":false},
        { "id": "terralith:blooming_valley", "required":false },
      
        { "id": "terralith:birch_taiga", "required":false },
        { "id": "terralith:alpine_grove", "required":false },
        { "id": "terralith:amethyst_rainforest", "required":false },
        { "id": "terralith:arid_valley", "required":false },
      
        { "id": "terralith:alpine_highlands", "required":false },
      
        { "id": "terralith:brushland", "required":false },
        { "id": "terralith:shrubland", "required":false },
      
        { "id": "terralith:redwoods", "required":false },
        { "id": "terralith:snowy_redwoods", "required":false }
    ]
}