{
	"format_version": "1.12.0",
	"minecraft:geometry": [
		{
			"description": {
				"identifier": "geometry.latios",
				"texture_width": 64,
				"texture_height": 64,
				"visible_bounds_width": 4,
				"visible_bounds_height": 3.5,
				"visible_bounds_offset": [0, 1.25, 0]
			},
			"bones": [
				{
					"name": "latios",
					"pivot": [0, 2, 0]
				},
				{
					"name": "body",
					"parent": "latios",
					"pivot": [0, 14, 0]
				},
				{
					"name": "head",
					"parent": "body",
					"pivot": [0, 13, -14],
					"cubes": [
						{"origin": [-2.5, 12, -20], "size": [5, 4, 1], "uv": [0, 10]},
						{"origin": [-2.5, 12, -19], "size": [5, 5, 5], "uv": [0, 0]}
					]
				},
				{
					"name": "ears",
					"parent": "head",
					"pivot": [0, 13.1, -13],
					"cubes": [
						{"origin": [2.5, 12.1, -15.5], "size": [0, 8, 4], "pivot": [1.5, 12.1, -11.5], "rotation": [-9.99174, 0.85972, 2.36776], "uv": [20, -4]},
						{"origin": [-2.5, 12.1, -15.5], "size": [0, 8, 4], "pivot": [-1.5, 12.1, -11.5], "rotation": [-12.44548, -1.29256, -4.83045], "uv": [20, -4], "mirror": true}
					]
				},
				{
					"name": "eyes",
					"parent": "head",
					"pivot": [0, 14, -17],
					"cubes": [
						{"origin": [2.51, 12, -18.9], "size": [0, 4, 5], "uv": [0, 10]},
						{"origin": [-2.51, 12, -18.9], "size": [0, 4, 5], "uv": [0, 10], "mirror": true}
					]
				},
				{
					"name": "mouth",
					"parent": "head",
					"pivot": [0, 12, -17],
					"cubes": [
						{"origin": [-1.5, 12.99, -19], "size": [3, 0, 2], "uv": [-1, 31]}
					]
				},
				{
					"name": "torso",
					"parent": "body",
					"pivot": [0, 15, -5],
					"cubes": [
						{"origin": [-2.5, 12, -14], "size": [5, 5, 14], "uv": [26, 0]},
						{"origin": [0.7, 15.2, -8.9], "size": [2, 2, 9], "uv": [7, 13]},
						{"origin": [-2.7, 15.2, -8.9], "size": [2, 2, 9], "uv": [7, 13], "mirror": true}
					]
				},
				{
					"name": "hips",
					"parent": "body",
					"pivot": [0, 12, 9],
					"cubes": [
						{"origin": [-2.7, 15.2, 0.1], "size": [2, 2, 11], "uv": [0, 30], "mirror": true},
						{"origin": [0.7, 15.2, 0.1], "size": [2, 2, 11], "uv": [0, 30]},
						{"origin": [-4.5, 9, 0], "size": [9, 8, 14], "uv": [18, 19]},
						{"origin": [-3.5, 8, 3], "size": [7, 1, 10], "uv": [30, 41]}
					]
				},
				{
					"name": "foots",
					"parent": "hips",
					"pivot": [0, 12, 14],
					"cubes": [
						{"origin": [3.5, 10, 13], "size": [0, 7, 7], "pivot": [-0.5, 12, 7], "rotation": [-5, 0, 0], "uv": [17, 18]},
						{"origin": [-3.5, 10, 13], "size": [0, 7, 7], "pivot": [0.5, 12, 7], "rotation": [-5, 0, 0], "uv": [17, 18], "mirror": true}
					]
				},
				{
					"name": "hips_arms",
					"parent": "hips",
					"pivot": [0.5, 12, -11]
				},
				{
					"name": "right_ha",
					"parent": "hips_arms",
					"pivot": [0, 12, 5],
					"cubes": [
						{"origin": [4.5, 11, 2], "size": [1, 3, 6], "uv": [26, 5], "mirror": true}
					]
				},
				{
					"name": "left_ha",
					"parent": "hips_arms",
					"pivot": [0, 12, 5],
					"cubes": [
						{"origin": [-5.5, 11, 2], "size": [1, 3, 6], "uv": [26, 5]}
					]
				},
				{
					"name": "wings",
					"parent": "body",
					"pivot": [0, 17, 8],
					"cubes": [
						{"origin": [-7.5, 27, 4], "size": [20, 0, 11], "pivot": [-2.5, 22, 1], "rotation": [0, -10, -137.5], "uv": [13, 53]},
						{"origin": [-12.5, 27, 4], "size": [20, 0, 11], "pivot": [2.5, 22, 1], "rotation": [0, 10, 137.5], "uv": [13, 53], "mirror": true}
					]
				},
				{
					"name": "arms",
					"parent": "body",
					"pivot": [0, 12, 6]
				},
				{
					"name": "arm_l",
					"parent": "arms",
					"pivot": [-6, 12, 6],
					"cubes": [
						{"origin": [-9.5, 12, 5], "size": [4, 1, 1], "uv": [50, 12], "mirror": true}
					]
				},
				{
					"name": "arm_r",
					"parent": "arms",
					"pivot": [6, 12, 6],
					"cubes": [
						{"origin": [5.52559, 11.96556, 5.20704], "size": [4, 1, 1], "uv": [50, 12]}
					]
				},
				{
					"name": "hands",
					"parent": "body",
					"pivot": [0, 12, 6]
				},
				{
					"name": "right",
					"parent": "hands",
					"pivot": [10.5, 12.5, 5.75],
					"cubes": [
						{"origin": [9.5, 11, -1], "size": [2, 3, 8], "uv": [0, 53]},
						{"origin": [10.5, 11, -2], "size": [0, 3, 1], "uv": [0, 42]}
					]
				},
				{
					"name": "left",
					"parent": "hands",
					"pivot": [-10.5, 12.5, 5.75],
					"cubes": [
						{"origin": [-10.5, 11, -2], "size": [0, 3, 1], "uv": [0, 42], "mirror": true},
						{"origin": [-11.5, 11, -1], "size": [2, 3, 8], "uv": [0, 53], "mirror": true}
					]
				}
			]
		}
	]
}