{
	"format_version": "1.8.0",
	"animations": {
		"animation.magearna.ground_idle": {
			"loop": true,
			"bones": {
				"right_hands": {
					"rotation": [0, 0, 25]
				},
				"left_hands": {
					"rotation": [0, 0, -25]
				}
			}
		},
		"animation.magearna.ground_walk": {
			"loop": true,
			"animation_length": 1.375,
			"bones": {
				"body": {
					"position": {
						"0.0": {
							"post": [0, -0.2, 0],
							"lerp_mode": "catmullrom"
						},
						"0.3333": {
							"post": [0, 0, 0],
							"lerp_mode": "catmullrom"
						},
						"0.6667": {
							"post": [0, -0.2, 0],
							"lerp_mode": "catmullrom"
						},
						"1.0": {
							"post": [0, 0, 0],
							"lerp_mode": "catmullrom"
						},
						"1.3333": {
							"post": [0, -0.2, 0],
							"lerp_mode": "catmullrom"
						}
					}
				},
				"head": {
					"rotation": {
						"0.0": [0, 0, -2.5],
						"0.6667": [0, 0, 2.5],
						"1.3333": [0, 0, -2.5]
					}
				},
				"right_hands": {
					"rotation": {
						"0.0": {
							"post": [0, 25, 25],
							"lerp_mode": "catmullrom"
						},
						"0.6667": {
							"post": [0, -25, 25],
							"lerp_mode": "catmullrom"
						},
						"1.3333": {
							"post": [0, 25, 25],
							"lerp_mode": "catmullrom"
						}
					}
				},
				"left_hands": {
					"rotation": {
						"0.0": {
							"post": [0, 25, -25],
							"lerp_mode": "catmullrom"
						},
						"0.6667": {
							"post": [0, -25, -25],
							"lerp_mode": "catmullrom"
						},
						"1.3333": {
							"post": [0, 25, -25],
							"lerp_mode": "catmullrom"
						}
					}
				},
				"leg_r": {
					"rotation": {
						"0.0": {
							"post": [15, 0, 0],
							"lerp_mode": "catmullrom"
						},
						"0.3333": {
							"post": [0, 0, 0],
							"lerp_mode": "catmullrom"
						},
						"0.6667": {
							"post": [-15, 0, 0],
							"lerp_mode": "catmullrom"
						},
						"1.0": {
							"post": [0, 0, 0],
							"lerp_mode": "catmullrom"
						},
						"1.3333": {
							"post": [15, 0, 0],
							"lerp_mode": "catmullrom"
						}
					}
				},
				"leg_l": {
					"rotation": {
						"0.0": {
							"post": [-17.5, 0, 0],
							"lerp_mode": "catmullrom"
						},
						"0.3333": {
							"post": [0, 0, 0],
							"lerp_mode": "catmullrom"
						},
						"0.6667": {
							"post": [15, 0, 0],
							"lerp_mode": "catmullrom"
						},
						"1.0": {
							"post": [0, 0, 0],
							"lerp_mode": "catmullrom"
						},
						"1.3333": {
							"post": [-17.5, 0, 0],
							"lerp_mode": "catmullrom"
						}
					}
				}
			}
		},
		"animation.magearna.cry": {
			"animation_length": 1.8333,
			"bones": {
				"head": {
					"rotation": {
						"0.125": [0, 0, 0],
						"0.4583": [-10, 0, 0],
						"1.2917": [-10, 0, 0],
						"1.625": [0, 0, 0]
					}
				},
				"right_hands": {
					"rotation": {
						"0.125": [0, 0, 0],
						"0.4583": [0, -20, 0],
						"1.2917": [0, -20, 0],
						"1.625": [0, 0, 0]
					}
				},
				"left_hands": {
					"rotation": {
						"0.125": [0, 0, 0],
						"0.5": [0, 20, 0],
						"1.2917": [0, 20, 0],
						"1.625": [0, 0, 0]
					}
				}
			},
			"sound_effects": {
				"0.125": {
					"effect": "pokemon.magearna.cry"
				}
			}
		},
		"animation.magearna.blink": {
			"animation_length": 0.1667,
			"bones": {
				"eyes_on": {
					"position": [0, 0, 1]
				},
				"eyes_off": {
					"position": [0, 0, -1]
				}
			}
		},
		"animation.magearna.water_idle": {
			"loop": true,
			"animation_length": 0.5,
			"bones": {
				"head": {
					"rotation": {
						"0.0": [0, 0, -2.5],
						"0.0833": [0, 0, 2.5],
						"0.1667": [0, 0, -2.5],
						"0.25": [0, 0, 2.5],
						"0.3333": [0, 0, -2.5],
						"0.4167": [0, 0, 2.5],
						"0.5": [0, 0, -2.5]
					}
				},
				"hips": {
					"rotation": {
						"0.0": [0, 0, 2.5],
						"0.0833": [0, 0, -2.5],
						"0.1667": [0, 0, 2.5],
						"0.25": [0, 0, -2.5],
						"0.3333": [0, 0, 2.5],
						"0.4167": [0, 0, -2.5],
						"0.5": [0, 0, 2.5]
					}
				},
				"right_hands": {
					"rotation": {
						"0.0": [0, 0, -22.5],
						"0.0833": [0, 0, 22.5],
						"0.1667": [0, 0, -22.5],
						"0.25": [0, 0, 22.5],
						"0.3333": [0, 0, -22.5],
						"0.4167": [0, 0, 22.5],
						"0.5": [0, 0, -22.5]
					}
				},
				"left_hands": {
					"rotation": {
						"0.0": [0, 0, -22.5],
						"0.0833": [0, 0, 22.5],
						"0.1667": [0, 0, -22.5],
						"0.25": [0, 0, 22.5],
						"0.3333": [0, 0, -22.5],
						"0.4167": [0, 0, 22.5],
						"0.5": [0, 0, -22.5]
					}
				},
				"leg_r": {
					"rotation": {
						"0.0": [22.5, 0, 0],
						"0.0833": [-22.5, 0, 0],
						"0.1667": [22.5, 0, 0],
						"0.25": [-22.5, 0, 0],
						"0.3333": [22.5, 0, 0],
						"0.4167": [-22.5, 0, 0],
						"0.5": [22.5, 0, 0]
					}
				},
				"leg_l": {
					"rotation": {
						"0.0": [-22.5, 0, 0],
						"0.0833": [22.5, 0, 0],
						"0.1667": [-22.5, 0, 0],
						"0.25": [22.5, 0, 0],
						"0.3333": [-22.5, 0, 0],
						"0.4167": [22.5, 0, 0],
						"0.5": [-22.5, 0, 0]
					}
				}
			}
		},
		"animation.magearna.water_swim": {
			"loop": true,
			"animation_length": 0.6667,
			"bones": {
				"head": {
					"rotation": {
						"0.0": {
							"post": [0, 0, -2.5],
							"lerp_mode": "catmullrom"
						},
						"0.3333": {
							"post": [0, 0, 2.5],
							"lerp_mode": "catmullrom"
						},
						"0.6667": {
							"post": [0, 0, -2.5],
							"lerp_mode": "catmullrom"
						}
					}
				},
				"hips": {
					"rotation": {
						"0.0": {
							"post": [7.49294, -0.32621, 2.47864],
							"lerp_mode": "catmullrom"
						},
						"0.1667": {
							"post": [7.49294, 0.32621, -2.47864],
							"lerp_mode": "catmullrom"
						},
						"0.3333": {
							"post": [7.49294, -0.32621, 2.47864],
							"lerp_mode": "catmullrom"
						},
						"0.5": {
							"post": [7.49294, 0.32621, -2.47864],
							"lerp_mode": "catmullrom"
						},
						"0.6667": {
							"post": [7.49294, -0.32621, 2.47864],
							"lerp_mode": "catmullrom"
						}
					},
					"position": {
						"0.0": {
							"post": [0, 0.3, 0.1],
							"lerp_mode": "catmullrom"
						}
					}
				},
				"right_hands": {
					"rotation": {
						"0.0": {
							"post": [0, 25, 25],
							"lerp_mode": "catmullrom"
						},
						"0.1667": {
							"post": [0, -25, 25],
							"lerp_mode": "catmullrom"
						},
						"0.3333": {
							"post": [0, 25, 25],
							"lerp_mode": "catmullrom"
						},
						"0.5": {
							"post": [0, -25, 25],
							"lerp_mode": "catmullrom"
						},
						"0.6667": {
							"post": [0, 25, 25],
							"lerp_mode": "catmullrom"
						}
					}
				},
				"left_hands": {
					"rotation": {
						"0.0": {
							"post": [0, 25, -25],
							"lerp_mode": "catmullrom"
						},
						"0.1667": {
							"post": [0, -25, -25],
							"lerp_mode": "catmullrom"
						},
						"0.3333": {
							"post": [0, 25, -25],
							"lerp_mode": "catmullrom"
						},
						"0.5": {
							"post": [0, -25, -25],
							"lerp_mode": "catmullrom"
						},
						"0.6667": {
							"post": [0, 25, -25],
							"lerp_mode": "catmullrom"
						}
					}
				},
				"leg_r": {
					"rotation": {
						"0.0": {
							"post": [15, 0, 0],
							"lerp_mode": "catmullrom"
						},
						"0.1667": {
							"post": [35, 0, 0],
							"lerp_mode": "catmullrom"
						},
						"0.3333": {
							"post": [15, 0, 0],
							"lerp_mode": "catmullrom"
						},
						"0.5": {
							"post": [35, 0, 0],
							"lerp_mode": "catmullrom"
						},
						"0.6667": {
							"post": [15, 0, 0],
							"lerp_mode": "catmullrom"
						}
					}
				},
				"leg_l": {
					"rotation": {
						"0.0": {
							"post": [35, 0, 0],
							"lerp_mode": "catmullrom"
						},
						"0.1667": {
							"post": [15, 0, 0],
							"lerp_mode": "catmullrom"
						},
						"0.3333": {
							"post": [35, 0, 0],
							"lerp_mode": "catmullrom"
						},
						"0.5": {
							"post": [15, 0, 0],
							"lerp_mode": "catmullrom"
						},
						"0.6667": {
							"post": [35, 0, 0],
							"lerp_mode": "catmullrom"
						}
					}
				}
			}
		},
		"animation.magearna.pose": {
			"loop": true,
			"bones": {
				"head": {
					"rotation": [0, 0, 5]
				},
				"right_hands": {
					"rotation": [-8.0634, -21.07593, 21.50238]
				},
				"left_hands": {
					"rotation": [0, -52.5, -17.5]
				},
				"leg_r": {
					"rotation": [7.5, 0, 0]
				},
				"leg_l": {
					"rotation": [-12.5, 0, 0]
				}
			}
		}
	}
}