{
	"format_version": "1.12.0",
	"minecraft:geometry": [
		{
			"description": {
				"identifier": "geometry.latias",
				"texture_width": 64,
				"texture_height": 64,
				"visible_bounds_width": 4,
				"visible_bounds_height": 3.5,
				"visible_bounds_offset": [0, 1.25, 0]
			},
			"bones": [
				{
					"name": "latias",
					"pivot": [0, 2, 0]
				},
				{
					"name": "body",
					"parent": "latias",
					"pivot": [0, 13, 0]
				},
				{
					"name": "head",
					"parent": "body",
					"pivot": [0, 12, -10],
					"cubes": [
						{"origin": [-2, 11.1, -14.4], "size": [4, 4, 4], "uv": [0, 0]},
						{"origin": [-2, 11.1, -15.4], "size": [4, 3, 1], "uv": [16, 0]}
					]
				},
				{
					"name": "ears",
					"parent": "head",
					"pivot": [0, 4, -11.775],
					"cubes": [
						{"origin": [-3.2, 12.2, -10.2], "size": [0, 5, 3], "pivot": [-3.2, 17.2, -9.2], "rotation": [-25.18091, -5.52012, -15.59339], "uv": [16, 4]},
						{"origin": [3.2, 12.2, -10.2], "size": [0, 5, 3], "pivot": [3.2, 17.2, -9.2], "rotation": [-25.18091, 5.52012, 15.59339], "uv": [16, 4], "mirror": true}
					]
				},
				{
					"name": "eyes",
					"parent": "head",
					"pivot": [0, 4, -11.775]
				},
				{
					"name": "r_eye",
					"parent": "eyes",
					"pivot": [0, 4, -11.775],
					"cubes": [
						{"origin": [2.01, 11.1, -14.4], "size": [0, 3, 3], "uv": [26, -3]}
					]
				},
				{
					"name": "l_eye",
					"parent": "eyes",
					"pivot": [0, 4, -11.775],
					"cubes": [
						{"origin": [-2.01, 11.1, -14.4], "size": [0, 3, 3], "uv": [26, -3]}
					]
				},
				{
					"name": "mouth",
					"parent": "head",
					"pivot": [0, 4, -11.775],
					"cubes": [
						{"origin": [-1, 11.19, -14.875], "size": [2, 0, 2], "uv": [26, 4]}
					]
				},
				{
					"name": "torso",
					"parent": "body",
					"pivot": [0, 12, -6],
					"rotation": [42.5, 0, 0],
					"cubes": [
						{"origin": [-2, 4.07219, -10.39971], "size": [4, 8, 4], "pivot": [0, 13.77219, -12.69971], "rotation": [47.5, 0, 0], "uv": [0, 8]}
					]
				},
				{
					"name": "hips",
					"parent": "body",
					"pivot": [0, 12.33776, 4.13085],
					"rotation": [45, 0, 0],
					"cubes": [
						{"origin": [-3, 10.69971, -2.80067], "size": [6, 6, 11], "pivot": [0, 12.70617, 1.97107], "rotation": [-45, 0, 0], "uv": [27, 0]},
						{"origin": [-2, 9.69971, -0.80067], "size": [4, 1, 8], "pivot": [0, 12.70617, 1.97107], "rotation": [-45, 0, 0], "uv": [11, 12]},
						{"origin": [-4, 13.69971, 3.19933], "size": [3, 2, 8], "pivot": [-2, 17.70617, 5.97107], "rotation": [-45, 0, 0], "uv": [27, 17]},
						{"origin": [1, 13.69971, 3.19933], "size": [3, 2, 8], "pivot": [2, 17.70617, 5.97107], "rotation": [-45, 0, 0], "uv": [27, 17], "mirror": true},
						{"origin": [-2, 7.30617, 5.47107], "size": [4, 4, 3], "uv": [50, 0]}
					]
				},
				{
					"name": "foots",
					"parent": "hips",
					"pivot": [0, 8.70617, 6.97107],
					"cubes": [
						{"origin": [1, 9.70617, 5.97107], "size": [6, 0, 6], "pivot": [1, 7.70617, 5.97107], "rotation": [-42.5, 0, 7.5], "uv": [35, 17]},
						{"origin": [-7, 9.70617, 5.97107], "size": [6, 0, 6], "pivot": [-1, 7.70617, 5.97107], "rotation": [-42.5, 0, -7.5], "uv": [35, 17], "mirror": true}
					]
				},
				{
					"name": "hips_arms",
					"parent": "hips",
					"pivot": [0, 3.70617, 0.97107]
				},
				{
					"name": "left_ha",
					"parent": "hips_arms",
					"pivot": [0, 3.70617, 0.97107],
					"cubes": [
						{"origin": [-4, 10.69971, 1.19933], "size": [3, 2, 5], "pivot": [-2, 14.70617, 3.97107], "rotation": [-45, 0, 0], "uv": [48, 17], "mirror": true}
					]
				},
				{
					"name": "right_ha",
					"parent": "hips_arms",
					"pivot": [0, 3.70617, 0.97107],
					"cubes": [
						{"origin": [1, 10.69971, 1.19933], "size": [3, 2, 5], "pivot": [2, 14.70617, 3.97107], "rotation": [-45, 0, 0], "uv": [48, 17]}
					]
				},
				{
					"name": "wing",
					"parent": "body",
					"pivot": [0, 15, 2],
					"rotation": [55, 0, 0],
					"cubes": [
						{"origin": [3.20846, 7.16251, -13.7341], "size": [0, 14, 9], "pivot": [0, -1.70037, 2.95031], "rotation": [-48.56862, -29.91193, -23.75529], "uv": [0, 12], "mirror": true},
						{"origin": [-3.20846, 7.16251, -13.7341], "size": [0, 14, 9], "pivot": [0, -1.70037, 2.95031], "rotation": [-48.56862, 29.91193, 23.75529], "uv": [0, 12]}
					]
				},
				{
					"name": "arms",
					"parent": "body",
					"pivot": [0, 12, 0]
				},
				{
					"name": "arm_l",
					"parent": "arms",
					"pivot": [-4, 10.5, 2.5],
					"cubes": [
						{"origin": [-7, 10, 2], "size": [3, 1, 1], "uv": [55, 24], "mirror": true}
					]
				},
				{
					"name": "arm_r",
					"parent": "arms",
					"pivot": [4, 10.5, 2.5],
					"cubes": [
						{"origin": [4, 10, 2], "size": [3, 1, 1], "uv": [54, 24]}
					]
				},
				{
					"name": "hands",
					"parent": "body",
					"pivot": [0, 10.5, 0]
				},
				{
					"name": "left",
					"parent": "hands",
					"pivot": [-7, 10.5, 3],
					"cubes": [
						{"origin": [-8, 9.5, -1], "size": [2, 2, 5], "uv": [50, 26], "mirror": true},
						{"origin": [-7, 9.5, -2], "size": [0, 2, 1], "uv": [59, 27], "mirror": true}
					]
				},
				{
					"name": "right",
					"parent": "hands",
					"pivot": [7, 10.5, 3],
					"cubes": [
						{"origin": [6, 9.5, -1], "size": [2, 2, 5], "uv": [50, 26]},
						{"origin": [7, 9.5, -2], "size": [0, 2, 1], "uv": [59, 27]}
					]
				}
			]
		}
	]
}