{
	"format_version": "1.12.0",
	"minecraft:geometry": [
		{
			"description": {
				"identifier": "geometry.araquanid",
				"texture_width": 256,
				"texture_height": 256,
				"visible_bounds_width": 53,
				"visible_bounds_height": 4.5,
				"visible_bounds_offset": [0, 1.75, 0]
			},
			"bones": [
				{
					"name": "araquanid",
					"pivot": [0, 0, 0]
				},
				{
					"name": "body",
					"parent": "araquanid",
					"pivot": [0, 0, 0]
				},
				{
					"name": "torso",
					"parent": "body",
					"pivot": [-0.5, 25, 4],
					"cubes": [
						{"origin": [-3.5, 21.25, -6.5], "size": [7, 6, 4], "uv": [107, 163]},
						{"origin": [-5.5, 20.25, -2.5], "size": [11, 8, 13], "uv": [116, 95]},
						{"origin": [-1.5, 22.75, 10.5], "size": [3, 3, 3], "uv": [55, 141]}
					]
				},
				{
					"name": "head",
					"parent": "torso",
					"pivot": [0, 23.75, -6],
					"cubes": [
						{"origin": [-9.5, 19, -21], "size": [19, 11, 16], "uv": [100, 0]},
						{"origin": [-3.25, 27.5, -19], "size": [6, 4, 6], "pivot": [0.25, 30, -16.5], "rotation": [29.98529, 44.80153, 21.50957], "uv": [84, 154]},
						{"origin": [2.54481, 28.5215, -11.45263], "size": [4, 3, 4], "pivot": [4.54481, 30.0215, -9.45263], "rotation": [-46.9281, 68.52609, -29.48181], "uv": [100, 27]},
						{"origin": [-6.54481, 28.5215, -11.45263], "size": [4, 3, 4], "pivot": [-4.54481, 30.0215, -9.45263], "rotation": [-46.9281, -68.52609, 29.48181], "uv": [100, 34]},
						{"origin": [9.5, 21.55, -20.25], "size": [1, 6, 13], "uv": [3, 121]},
						{"origin": [4.5, 21.975, -21.25], "size": [6, 4, 1], "uv": [43, 134]},
						{"origin": [-10.5, 21.975, -21.25], "size": [6, 4, 1], "uv": [43, 134], "mirror": true},
						{"origin": [-10.5, 21.45, -20.25], "size": [1, 6, 13], "uv": [3, 121], "mirror": true}
					]
				},
				{
					"name": "bone23",
					"parent": "head",
					"pivot": [-4.5, 20, -10],
					"rotation": [0, -32.5, 0],
					"cubes": [
						{"origin": [-6, 16, -10], "size": [3, 5, 0], "uv": [2, 2]}
					]
				},
				{
					"name": "bone22",
					"parent": "head",
					"pivot": [4.5, 20, -10],
					"rotation": [0, 32.5, 0],
					"cubes": [
						{"origin": [3, 16, -10], "size": [3, 5, 0], "uv": [2, 2], "mirror": true}
					]
				},
				{
					"name": "bone21",
					"parent": "head",
					"pivot": [4.5, 20, -19],
					"rotation": [0, -32.5, 0],
					"cubes": [
						{"origin": [3, 16, -19], "size": [3, 5, 0], "uv": [2, 2], "mirror": true}
					]
				},
				{
					"name": "bone20",
					"parent": "head",
					"pivot": [-4.5, 20, -19],
					"rotation": [0, 32.5, 0],
					"cubes": [
						{"origin": [-6, 16, -19], "size": [3, 5, 0], "uv": [2, 2]}
					]
				},
				{
					"name": "bone",
					"parent": "head",
					"pivot": [0.5, 24, -4.5],
					"cubes": [
						{"origin": [-8.3, 17, -4.4], "size": [16, 16, 0], "pivot": [0.7, 25, -4.4], "rotation": [0, 0, -45], "uv": [117, 116]},
						{"origin": [-8, 9.5, -29.475], "size": [21, 0, 25], "pivot": [1, 26, -13.975], "rotation": [0, 0, 90], "uv": [4, 4]},
						{"origin": [-11, 43.5, -29.475], "size": [21, 0, 25], "pivot": [-2, 26, -13.975], "rotation": [0, 0, 90], "uv": [-17, 4]},
						{"origin": [-10, 11.5, -4.475], "size": [21, 31, 0], "pivot": [-1, 26, -13.975], "rotation": [0, 0, 90], "uv": [116, 27]},
						{"origin": [11, 11.5, -29.475], "size": [0, 31, 25], "pivot": [-1, 26, -13.975], "rotation": [0, 0, 90], "uv": [4, 62]},
						{"origin": [-10, 11.5, -29.475], "size": [0, 31, 25], "pivot": [-1, 26, -13.975], "rotation": [0, 0, 90], "uv": [62, 62]},
						{"origin": [-10, 11.5, -29.475], "size": [21, 31, 0], "pivot": [-1, 26, -9.975], "rotation": [0, 0, 90], "uv": [116, 61]}
					]
				},
				{
					"name": "bone17",
					"parent": "body",
					"pivot": [-3.5, 23.75, 1.25],
					"rotation": [-12.97989, -19.81593, 31.7208],
					"cubes": [
						{"origin": [-24.5, 23.75, -0.25], "size": [21, 0, 3], "uv": [68, 127], "mirror": true}
					]
				},
				{
					"name": "bone18",
					"parent": "bone17",
					"pivot": [-26.5, 23.75, 1.25],
					"rotation": [0, 0, -107.5],
					"cubes": [
						{"origin": [-30.5, 19.75, -2.25], "size": [7, 7, 7], "uv": [68, 136], "mirror": true},
						{"origin": [-44.5, 23.75, -0.25], "size": [15, 0, 3], "uv": [84, 151], "mirror": true}
					]
				},
				{
					"name": "bone19",
					"parent": "bone18",
					"pivot": [-45.5, 23.25, 1.25],
					"rotation": [0, 0, -10],
					"cubes": [
						{"origin": [-47, 22.75, -1.75], "size": [4, 1, 4], "pivot": [-46, 22.75, 1.25], "rotation": [0, -47.5, 0], "uv": [100, 41], "mirror": true},
						{"origin": [-61.5, 23.25, -0.25], "size": [17, 0, 3], "uv": [150, 128], "mirror": true}
					]
				},
				{
					"name": "bone2",
					"parent": "body",
					"pivot": [3.5, 23.75, 1.25],
					"rotation": [-12.97989, 19.81593, -31.7208],
					"cubes": [
						{"origin": [3.5, 23.75, -0.25], "size": [21, 0, 3], "uv": [69, 127]}
					]
				},
				{
					"name": "bone3",
					"parent": "bone2",
					"pivot": [26.5, 23.75, 1.25],
					"rotation": [0, 0, 107.5],
					"cubes": [
						{"origin": [23.5, 19.75, -2.25], "size": [7, 7, 7], "uv": [68, 136]},
						{"origin": [29.5, 23.75, -0.25], "size": [15, 0, 3], "uv": [84, 151]}
					]
				},
				{
					"name": "bone4",
					"parent": "bone3",
					"pivot": [45.5, 23.25, 1.25],
					"rotation": [0, 0, 10],
					"cubes": [
						{"origin": [43, 22.75, -1.75], "size": [4, 1, 4], "pivot": [46, 22.75, 1.25], "rotation": [0, 47.5, 0], "uv": [100, 41]},
						{"origin": [45.5, 23.25, -0.25], "size": [16, 0, 3], "uv": [151, 128]}
					]
				},
				{
					"name": "bone11",
					"parent": "body",
					"pivot": [-2.5, 23.7, 7.35],
					"rotation": [17.80736, 27.47656, 31.07807],
					"cubes": [
						{"origin": [-23.5, 23.7, 5.85], "size": [21, 0, 3], "uv": [68, 127], "mirror": true}
					]
				},
				{
					"name": "bone12",
					"parent": "bone11",
					"pivot": [-25.5, 23.7, 7.35],
					"rotation": [0, 0, -105],
					"cubes": [
						{"origin": [-29.5, 19.7, 3.85], "size": [7, 7, 7], "uv": [68, 136], "mirror": true},
						{"origin": [-43.5, 23.7, 5.85], "size": [15, 0, 3], "uv": [84, 151], "mirror": true}
					]
				},
				{
					"name": "bone13",
					"parent": "bone12",
					"pivot": [-44.5, 23.2, 7.35],
					"rotation": [0, 0, -10],
					"cubes": [
						{"origin": [-46, 22.7, 4.35], "size": [4, 1, 4], "pivot": [-45, 22.7, 7.35], "rotation": [0, -47.5, 0], "uv": [100, 41], "mirror": true},
						{"origin": [-60.5, 23.2, 5.85], "size": [16, 0, 3], "uv": [151, 128], "mirror": true}
					]
				},
				{
					"name": "bone8",
					"parent": "body",
					"pivot": [3.5, 23.75, 8.25],
					"rotation": [17.80736, -27.47656, -31.07807],
					"cubes": [
						{"origin": [3.5, 23.75, 6.75], "size": [21, 0, 3], "uv": [68, 127]}
					]
				},
				{
					"name": "bone9",
					"parent": "bone8",
					"pivot": [26.5, 23.75, 8.25],
					"rotation": [0, 0, 105],
					"cubes": [
						{"origin": [23.5, 19.75, 4.75], "size": [7, 7, 7], "uv": [68, 136]},
						{"origin": [29.5, 23.75, 6.75], "size": [15, 0, 3], "uv": [84, 151]}
					]
				},
				{
					"name": "bone10",
					"parent": "bone9",
					"pivot": [45.5, 23.25, 8.25],
					"rotation": [0, 0, 10],
					"cubes": [
						{"origin": [43, 22.75, 5.25], "size": [4, 1, 4], "pivot": [46, 22.75, 8.25], "rotation": [0, 47.5, 0], "uv": [100, 41]},
						{"origin": [45.5, 23.25, 6.75], "size": [16, 0, 3], "uv": [151, 128]}
					]
				},
				{
					"name": "bone14",
					"parent": "body",
					"pivot": [-3.5, 23.75, 4.5],
					"rotation": [2.38136, 2.6087, 27.39066],
					"cubes": [
						{"origin": [-24.5, 23.75, 3], "size": [21, 0, 3], "uv": [68, 127], "mirror": true}
					]
				},
				{
					"name": "bone15",
					"parent": "bone14",
					"pivot": [-26.5, 23.75, 4.5],
					"rotation": [2.03068, -2.89411, -100.10586],
					"cubes": [
						{"origin": [-30.5, 19.75, 1], "size": [7, 7, 7], "uv": [68, 136], "mirror": true},
						{"origin": [-44.5, 23.75, 3], "size": [15, 0, 3], "uv": [84, 151], "mirror": true}
					]
				},
				{
					"name": "bone16",
					"parent": "bone15",
					"pivot": [-45.5, 23.25, 4.5],
					"rotation": [0, 0, -10],
					"cubes": [
						{"origin": [-47, 22.75, 1.5], "size": [4, 1, 4], "pivot": [-46, 22.75, 4.5], "rotation": [0, -47.5, 0], "uv": [100, 41], "mirror": true},
						{"origin": [-61.5, 23.25, 3], "size": [16, 0, 3], "uv": [151, 128], "mirror": true}
					]
				},
				{
					"name": "bone5",
					"parent": "body",
					"pivot": [3.5, 23.75, 4.5],
					"rotation": [2.38136, -2.6087, -27.39066],
					"cubes": [
						{"origin": [3.5, 23.75, 3], "size": [21, 0, 3], "uv": [68, 127]}
					]
				},
				{
					"name": "bone6",
					"parent": "bone5",
					"pivot": [26.5, 23.75, 4.5],
					"rotation": [2.15501, 2.8028, 102.60728],
					"cubes": [
						{"origin": [23.5, 19.75, 1], "size": [7, 7, 7], "uv": [68, 136]},
						{"origin": [29.5, 23.75, 3], "size": [15, 0, 3], "uv": [84, 151]}
					]
				},
				{
					"name": "bone7",
					"parent": "bone6",
					"pivot": [45.5, 23.25, 4.5],
					"rotation": [0, 0, 10],
					"cubes": [
						{"origin": [43, 22.75, 1.5], "size": [4, 1, 4], "pivot": [46, 22.75, 4.5], "rotation": [0, 47.5, 0], "uv": [100, 41]},
						{"origin": [45.5, 23.25, 3], "size": [16, 0, 3], "uv": [151, 128]}
					]
				}
			]
		}
	]
}