{
  "implemented": true,
  "name": "Latias",
  "nationalPokedexNumber": 380,
  "primaryType": "dragon",
  "secondaryType": "psychic",
  "abilities": [
    "levitate"
  ],
  "baseStats": {
    "hp": 80,
    "attack": 80,
    "defence": 90,
    "special_attack": 110,
    "special_defence": 130,
    "speed": 110
  },
  "catchRate": 3,
  "maleRatio": 0,
  "shoulderMountable": false,
  "forms": [
    {
      "name": "Mega",
      "primaryType": "dragon",
      "secondaryType": "psychic",
      "abilities": [
        "levitate"
      ],
      "baseStats": {
        "hp": 80,
        "attack": 100,
        "defence": 120,
        "special_attack": 140,
        "special_defence": 150,
        "speed": 110
      },
      "catchRate": 3,
      "maleRatio": 0,
      "baseExperienceYield": 300,
      "baseFriendship": 90,
      "evYield": {
        "hp": 0,
        "attack": 0,
        "defence": 0,
        "special_attack": 0,
        "special_defence": 3,
        "speed": 0
      },
      "experienceGroup": "slow",
      "eggCycles": 120,
      "eggGroups": [
        "undiscovered"
      ],
      "labels": [
        "gen6",
        "mega",
        "legendary"
      ],
      "aspects": [
        "mega"
      ],
      "height": 18,
      "weight": 520,
      "cannotDynamax": false,
      "battleOnly": true
    }
  ],
  "baseExperienceYield": 300,
  "experienceGroup": "slow",
  "eggCycles": 120,
  "eggGroups": [
    "undiscovered"
  ],
  "moves": [
    "1:charm",
    "1:psywave",
    "1:safeguard",
    "1:storedpower",
    "4:watersport",
    "5:helpinghand",
    "10:recover",
    "13:refresh",
    "15:confusion",
    "20:tailwind",
    "25:dragonbreath",
    "30:wish",
    "35:mistball",
    "40:zenheadbutt",
    "45:dragonpulse",
    "50:healpulse",
    "55:reflecttype",
    "60:psychic",
    "65:guardsplit",
    "70:healingwish",
    "75:psychoshift",
    "tm:aerialace",
    "tm:agility",
    "tm:aircutter",
    "tm:airslash",
    "tm:alluringvoice",
    "tm:allyswitch",
    "tm:attract",
    "tm:aurasphere",
    "tm:batonpass",
    "tm:bodyslam",
    "tm:breakingswipe",
    "tm:bulldoze",
    "tm:calmmind",
    "tm:captivate",
    "tm:chargebeam",
    "tm:charm",
    "tm:chillingwater",
    "tm:confide",
    "tm:cut",
    "tm:defog",
    "tm:disarmingvoice",
    "tm:dive",
    "tm:doubleedge",
    "tm:doubleteam",
    "tm:dracometeor",
    "tm:dragoncheer",
    "tm:dragonclaw",
    "tm:dragondance",
    "tm:dragonpulse",
    "tm:drainingkiss",
    "tm:dreameater",
    "tm:dualwingbeat",
    "tm:earthquake",
    "tm:endure",
    "tm:energyball",
    "tm:facade",
    "tm:flash",
    "tm:fly",
    "tm:frustration",
    "tm:futuresight",
    "tm:gigaimpact",
    "tm:grassknot",
    "tm:helpinghand",
    "tm:hiddenpower",
    "tm:honeclaws",
    "tm:hyperbeam",
    "tm:icebeam",
    "tm:icywind",
    "tm:lightscreen",
    "tm:liquidation",
    "tm:magicroom",
    "tm:mysticalfire",
    "tm:naturalgift",
    "tm:outrage",
    "tm:protect",
    "tm:psychic",
    "tm:psychocut",
    "tm:psychup",
    "tm:psyshock",
    "tm:raindance",
    "tm:reflect",
    "tm:rest",
    "tm:retaliate",
    "tm:return",
    "tm:roar",
    "tm:roost",
    "tm:round",
    "tm:safeguard",
    "tm:sandstorm",
    "tm:scaleshot",
    "tm:secretpower",
    "tm:shadowball",
    "tm:shadowclaw",
    "tm:shockwave",
    "tm:sleeptalk",
    "tm:snore",
    "tm:solarbeam",
    "tm:steelwing",
    "tm:storedpower",
    "tm:substitute",
    "tm:sunnyday",
    "tm:surf",
    "tm:swagger",
    "tm:swift",
    "tm:tailwind",
    "tm:takedown",
    "tm:telekinesis",
    "tm:terablast",
    "tm:thunder",
    "tm:thunderbolt",
    "tm:thunderwave",
    "tm:toxic",
    "tm:triattack",
    "tm:trick",
    "tm:waterfall",
    "tm:waterpulse",
    "tm:weatherball",
    "tm:whirlpool",
    "tm:zenheadbutt",
    "tutor:allyswitch",
    "tutor:bodyslam",
    "tutor:charm",
    "tutor:covet",
    "tutor:defog",
    "tutor:dive",
    "tutor:doubleedge",
    "tutor:dracometeor",
    "tutor:dragonbreath",
    "tutor:dragonpulse",
    "tutor:dreameater",
    "tutor:dualwingbeat",
    "tutor:endure",
    "tutor:furycutter",
    "tutor:healpulse",
    "tutor:helpinghand",
    "tutor:icywind",
    "tutor:laserfocus",
    "tutor:lastresort",
    "tutor:magiccoat",
    "tutor:magicroom",
    "tutor:mimic",
    "tutor:mistball",
    "tutor:mudslap",
    "tutor:outrage",
    "tutor:psychoshift",
    "tutor:psychup",
    "tutor:recover",
    "tutor:refresh",
    "tutor:roleplay",
    "tutor:roost",
    "tutor:scaleshot",
    "tutor:shockwave",
    "tutor:sleeptalk",
    "tutor:snore",
    "tutor:substitute",
    "tutor:suckerpunch",
    "tutor:surf",
    "tutor:swagger",
    "tutor:sweetkiss",
    "tutor:swift",
    "tutor:tailwind",
    "tutor:telekinesis",
    "tutor:thunderwave",
    "tutor:trick",
    "tutor:twister",
    "tutor:waterpulse",
    "tutor:watersport",
    "tutor:wish",
    "tutor:zenheadbutt"
  ],
  "labels": [
    "gen3",
    "legendary"
  ],
  "pokedex": [
    "cobblemon.species.latias.desc"
  ],
  "behaviour": {
    "resting": {
        "canSleep": false,
        "depth": "normal",
        "light": "4-15"
    },
    "moving": {
        "canLook": true,
        "walk": {
            "canWalk": true,
            "walkSpeed": 0.60,
            "avoidsLand": false
        },
        "swim": {
            "swimSpeed": 0.85,
            "canSwimInWater": true,
            "canBreatheUnderwater": true
        },
  "fly": {
  "canFly": true
  }
    }
  },
  "evolutions": [],
  "baseScale": 1.2,
  "hitbox": {
    "width": 0.9,
    "height": 1.1,
    "fixed": false
  },
  "baseFriendship": 90,
  "evYield": {
    "hp": 0,
    "attack": 0,
    "defence": 0,
    "special_attack": 0,
    "special_defence": 3,
    "speed": 0
  },
  "height": 14,
  "weight": 400,
  "aspects": [],
  "cannotDynamax": false,
  "drops": {
    "amount": 4,
    "entries": [
      {
        "item": "minecraft:feather",
        "quantityRange": "2-4"
      }
    ]
  }
}
