{
  "portraitScale": 1.4,
  "portraitTranslation": [-0.2, 0.8, 0],
  "profileScale": 0.65,
  "profileTranslation": [-0.1, 0.85, 0],
  "animations": {
    "physical": "q.bedrock_primary('druddigon', 'physical', q.curve('symmetrical_wide'))",
    "special": "q.bedrock_primary('druddigon', 'special', q.curve('symmetrical_wide'))",
    "status": "q.bedrock_primary('druddigon', 'special', q.curve('symmetrical_wide'))",
    "recoil": "q.bedrock_primary('druddigon', 'recoil', q.curve('symmetrical_wide'))",
    "faint": "q.bedrock_primary('druddigon', 'faint', q.curve('symmetrical_wide'))"
  },
  "poses": {
    "battle-standing": {
      "transformTicks": 10,
      "poseTypes": ["STAND", "WALK"],
      "isBattle": true,
      "animations": [
        "q.look('head')",
        "q.bedrock('druddigon', 'ground_idle')"
      ]
    },
    "standing": {
      "transformTicks": 10,
      "poseTypes": ["STAND", "NONE", "PORTRAIT", "PROFILE"],
      "isBattle": false,
      "animations": [
        "q.look('head')",
        "q.bedrock('druddigon', 'ground_idle')"
      ]
    },
    "walking": {
      "transformTicks": 8,
      "poseTypes": ["WALK"],
      "animations": [
        "q.look('head')",
        "q.bedrock('druddigon', 'ground_walk')"
      ]
    },
    "hover": {
      "transformTicks": 5,
      "poseTypes": [ "FLY", "HOVER", "FLOAT" ],
      "animations": [
        "q.look('head')",
        "q.bedrock('druddigon', 'ground_walk')"
       ]
    },
    "float": {
      "transformTicks": 5,
      "poseTypes": ["FLOAT"],
      "animations": [
        "q.look('head')",
        "q.bedrock('druddigon', 'ground_walk')"
      ]
    },
    "swim": {
      "transformTicks": 8,
      "poseTypes": ["SWIM"],
      "animations": [
        "q.look('head')",
        "q.bedrock('druddigon', 'ground_walk')"
      ]
    }
  }
}