{
	"format_version": "1.8.0",
	"animations": {
		"animation.trubbish.ground_idle": {
			"loop": true,
			"bones": {
				"Torso": {
					"rotation": ["-5+math.sin(query.anim_time*90*variable.idlespeed-0)*1", 0, 0]
				},
				"Torso2": {
					"rotation": ["2.5+math.sin(query.anim_time*90*variable.idlespeed-25)*1.2", 0, 0]
				},
				"Torso3": {
					"rotation": ["-5+math.sin(query.anim_time*90*variable.idlespeed-50)*1.5", 0, 0]
				},
				"EarLeft1": {
					"rotation": ["-25+math.cos(query.anim_time*90*variable.idlespeed-70)*-5", 0, 0]
				},
				"EarLeft2": {
					"rotation": ["-37.5+math.cos(query.anim_time*90*variable.idlespeed-90)*-7", 0, 0]
				},
				"EarRight1": {
					"rotation": ["-22.5+math.cos(query.anim_time*90*variable.idlespeed-70)*-5", 0, 0]
				},
				"EarRight2": {
					"rotation": ["-40+math.cos(query.anim_time*90*variable.idlespeed-90)*-7", 0, 0]
				},
				"trashpartLeft": {
					"rotation": [0, -30, "0+Math.cos((query.anim_time) * 90 * 4 - 90) * 3"]
				},
				"TrashBackLeft": {
					"rotation": [-0.32745, -4.97856, 7.52136],
					"position": [1, 0, 0]
				},
				"trashFrontLeft": {
					"rotation": [0, 12.5, 0]
				},
				"trashDownLeft": {
					"rotation": [0, 15, 7.5],
					"position": [0.69344, -0.5412, 0]
				},
				"trashUpLeft": {
					"rotation": [-0.44067, 9.99038, -2.53852]
				},
				"ArmLeft1": {
					"rotation": [0, 0, 17.5]
				},
				"armLeft2": {
					"rotation": [0, 0, -17.5]
				},
				"trashpartRight": {
					"rotation": [0, 30, "0+Math.cos((query.anim_time) * 90 * 4 - 90) * 3"]
				},
				"ArmRight1": {
					"rotation": [0, 0, -17.5]
				},
				"armRight2": {
					"rotation": [0, 0, 17.5]
				},
				"TrashBackRight": {
					"rotation": [-0.32745, 4.97856, -7.52136],
					"position": [-1, 0, 0]
				},
				"trashFrontRight": {
					"rotation": [0, -12.5, 0]
				},
				"trashDownRight": {
					"rotation": [0, -15, -7.5],
					"position": [-0.69344, -0.5412, 0]
				},
				"trashUpRight": {
					"rotation": [-0.44067, -9.99038, 2.53852]
				},
				"Body": {
					"rotation": [
						"- (math.sin((q.anim_time - 0.1) * 360 / (7/12) ) * 2)",
						"4.9375+(math.cos((q.anim_time - 0.05) * 360 / (7/6) ) * 5)",
						"-1.9376+(math.cos((q.anim_time - 0.1) * 360 / (7/6) ) * 2)"
					]
				}
			}
		},
		"animation.trubbish.faint": {
			"animation_length": 1,
			"bones": {
				"Body": {
					"rotation": {
						"0.0": {
							"post": [7.5, 0, 0],
							"lerp_mode": "catmullrom"
						},
						"0.0833": {
							"post": [20, 0, 0],
							"lerp_mode": "catmullrom"
						},
						"0.25": {
							"post": [-20, 0, 0],
							"lerp_mode": "catmullrom"
						},
						"0.375": {
							"post": [-67.5, 0, 0],
							"lerp_mode": "catmullrom"
						},
						"0.5": {
							"post": [-75, 0, 0],
							"lerp_mode": "catmullrom"
						},
						"0.5833": {
							"post": [-80, 0, 0],
							"lerp_mode": "catmullrom"
						},
						"0.6667": {
							"post": [-77.5, 0, 0],
							"lerp_mode": "catmullrom"
						}
					},
					"position": {
						"0.0": [0, 0, 0],
						"0.25": [0, 0, 1.75],
						"0.5417": [0, 0, 2]
					}
				},
				"Torso": {
					"rotation": {
						"0.0": [7.5, 0, 0],
						"0.1667": {
							"pre": [-5, 0, 0],
							"post": [-5, 0, 0],
							"lerp_mode": "catmullrom"
						}
					}
				},
				"Torso2": {
					"rotation": [5, 0, 0]
				},
				"Torso3": {
					"rotation": [2.5, 0, 0]
				},
				"EarLeft1": {
					"rotation": [7.5, 0, 0]
				},
				"EarLeft2": {
					"rotation": [32.5, 0, 0]
				},
				"EarRight1": {
					"rotation": [10, 0, 0]
				},
				"EarRight2": {
					"rotation": [25, 0, 0]
				},
				"mouth": {
					"scale": [1, 0.6, 1]
				},
				"mouthopen": {
					"position": {
						"0.0": [0, 0, 0],
						"0.25": [0, 0, 0],
						"0.2917": [0, 0, -1],
						"0.3333": [0, -1, -1]
					},
					"scale": {
						"0.0": [1, 1, 1],
						"0.25": [1, 1, 1],
						"0.3333": [1, 1, 1],
						"0.375": [1, 2, 1],
						"0.4583": [1, 1, 1]
					}
				},
				"EyeLeft": {
					"position": {
						"0.0": [0, 0, 0],
						"0.2917": [0, 1, 0],
						"0.625": [0, 1, 0],
						"0.6667": [0, 0, 0]
					}
				},
				"EyelidLeft": {
					"position": {
						"0.0": [0, 0, -1],
						"0.25": [0, 0, -1],
						"0.2917": [0, 0, 0],
						"0.4167": [0, 0, -1],
						"0.5833": [0, 0, -1],
						"0.625": [0, 0, 0]
					}
				},
				"EyeRight": {
					"position": {
						"0.0": [0, 0, 0],
						"0.2917": [0, 1, 0],
						"0.625": [0, 1, 0],
						"0.6667": [0, 0, 0]
					}
				},
				"EyelidRight": {
					"position": {
						"0.0": [0, 0, -1],
						"0.25": [0, 0, -1],
						"0.2917": [0, 0, 0],
						"0.4167": [0, 0, -1],
						"0.5833": [0, 0, -1],
						"0.625": [0, 0, 0]
					}
				},
				"trashpartLeft": {
					"rotation": {
						"0.0": [0, 20, 0],
						"0.0417": {
							"pre": [0, 2.5, 0],
							"post": [0, 2.5, 0],
							"lerp_mode": "catmullrom"
						},
						"0.125": {
							"post": [6.64447, 2.34914, -20.01754],
							"lerp_mode": "catmullrom"
						},
						"0.2083": {
							"post": [-4.86284, 46.32168, -12.76671],
							"lerp_mode": "catmullrom"
						},
						"0.3333": {
							"post": [-4.0712, 17.11967, -10.57523],
							"lerp_mode": "catmullrom"
						},
						"0.5417": {
							"post": [-3.90743, -5.32722, -9.01161],
							"lerp_mode": "catmullrom"
						},
						"0.75": {
							"post": [-3.8906, -0.33878, -9.35191],
							"lerp_mode": "catmullrom"
						},
						"0.8333": {
							"post": [-3.8953, -2.83301, -9.18213],
							"lerp_mode": "catmullrom"
						}
					}
				},
				"TrashBackLeft": {
					"rotation": [0, -10, 0]
				},
				"trashFrontLeft": {
					"rotation": [0, 2.5, 0]
				},
				"trashDownLeft": {
					"rotation": [0, 0, 7.5]
				},
				"trashUpLeft": {
					"rotation": [0, 0, -7.5]
				},
				"ArmLeft1": {
					"rotation": {
						"0.0": [0, 0, 0],
						"0.625": [0, -2.5, 0],
						"0.75": [0, 2.5, 0],
						"0.9167": [0, -2.5, 0]
					}
				},
				"armLeft2": {
					"rotation": {
						"0.0": [0, 27.5, 0],
						"0.1667": {
							"pre": [0.0012, -12.31228, -0.0038],
							"post": [0.0012, -12.31228, -0.0038],
							"lerp_mode": "catmullrom"
						},
						"0.25": {
							"post": [1.56456, 4.94918, 17.56762],
							"lerp_mode": "catmullrom"
						},
						"0.2917": {
							"post": [-2.97776, 29.46458, -31.3639],
							"lerp_mode": "catmullrom"
						},
						"0.5": {
							"post": [-2.78528, -10.37632, -29.4305],
							"lerp_mode": "catmullrom"
						},
						"0.7917": {
							"post": [4.45688, -0.26286, 1.76307],
							"lerp_mode": "catmullrom"
						}
					}
				},
				"trashpartRight": {
					"rotation": [0, -25, 0]
				},
				"armRight2": {
					"rotation": [0, -27.5, 0]
				},
				"TrashBackRight": {
					"rotation": [0, 12.5, 0]
				},
				"trashFrontRight": {
					"rotation": [0, 2.5, 0]
				},
				"trashDownRight": {
					"rotation": [0, 0, -7.5]
				},
				"trashUpRight": {
					"rotation": [0, 0, 7.5]
				}
			}
		},
		"animation.trubbish.ground_walk": {
			"animation_length": 1.17,
			"bones": {
				"Torso": {
					"rotation": [
						"-3- (math.sin((q.anim_time - 0.2) * 360 / (7/12) ) * 1)",
						"3+(math.cos((q.anim_time - 0.1) * 360 / (7/6) ) * 7)",
						"0+(math.cos((q.anim_time - 0.2) * 360 / (7/6) ) * 2)"
					]
				},
				"Torso2": {
					"rotation": [0, 0, "0+(math.cos((q.anim_time + 25) * 300 / 1 ) * 5) - 10"]
				},
				"EarLeft1": {
					"rotation": ["-22.5+math.cos(query.anim_time*300)*-2", 0, 0]
				},
				"EarLeft2": {
					"rotation": ["-37.5+math.cos(query.anim_time*180)", 0, 0]
				},
				"EarRight1": {
					"rotation": ["-22.5+math.cos(query.anim_time*300)", 0, 0]
				},
				"EarRight2": {
					"rotation": ["-37.5+math.cos(query.anim_time*300*2)", 0, 0]
				},
				"ArmLeft1": {
					"rotation": [0, 0, "0+(math.cos((q.anim_time + 20) * 300 / 1 ) * 5) - 2"]
				},
				"armLeft2": {
					"rotation": [0, 0, "0+(math.cos((q.anim_time + 20) * 300 / 1 ) * 2) - 1"]
				},
				"ArmRight1": {
					"rotation": [0, 0, "0+(math.cos((q.anim_time + 20) * 300 / 1 ) * 5) - 2"]
				},
				"armRight2": {
					"rotation": [0, 0, "0+(math.cos((q.anim_time + 20) * 300 / 1 ) * 2) - 1"]
				},
				"FeetLeft": {
					"rotation": ["- 8 + (math.sin((q.anim_time - 0 + (math.sin((q.anim_time - 0) * 360 / 2 ) * 0.1)) * 360 / 2 ) * 7)", -0.7379, -0.6219]
				},
				"FeetRight": {
					"rotation": ["-7.5+(math.sin((q.anim_time - 0.05 + (math.sin((q.anim_time - 0.05) * 360 / 2 ) * 0.1)) * 360 / 2 ) * 11)", 0.7379, 0.6219]
				}
			}
		},
		"animation.trubbish.blink": {
			"animation_length": 0.17,
			"bones": {
				"EyelidLeft": {
					"position": {
						"0.0": [0, 0, -1],
						"0.125": [0, 0, -1],
						"0.1667": [0, 0, 0]
					}
				},
				"EyelidRight": {
					"position": {
						"0.0": [0, 0, -1],
						"0.125": [0, 0, -1],
						"0.1667": [0, 0, 0]
					}
				}
			}
		}
	}
}