{
	"format_version": "1.12.0",
	"minecraft:geometry": [
		{
			"description": {
				"identifier": "geometry.unknown",
				"texture_width": 256,
				"texture_height": 256,
				"visible_bounds_width": 8,
				"visible_bounds_height": 8.5,
				"visible_bounds_offset": [0, 3.75, 0]
			},
			"bones": [
				{
					"name": "bone",
					"pivot": [0, 0, 0]
				},
				{
					"name": "body",
					"parent": "bone",
					"pivot": [-2.29, 25.64, 9.26]
				},
				{
					"name": "band",
					"parent": "body",
					"pivot": [10.25986, 22.18469, 8.515],
					"cubes": [
						{"origin": [-12.34206, 20.57841, -7], "size": [5, 8, 4], "inflate": -0.2, "pivot": [-9.84206, 25.07841, 0.5], "rotation": [0, 0, -70], "uv": [156, 41]},
						{"origin": [-8.53358, 20.11885, -6.9], "size": [5, 4, 2], "inflate": -0.11, "pivot": [-5.03358, 21.61885, -5.9], "rotation": [0, 0, 55], "uv": [156, 53]},
						{"origin": [-2.5, 16.74885, -6.9], "size": [5, 3, 2], "inflate": -0.08, "uv": [104, 171]},
						{"origin": [-4.41, 16.74885, -6.9], "size": [3, 3, 2], "inflate": -0.09, "uv": [90, 100]},
						{"origin": [-6.15, 18.94885, -6.9], "size": [4, 3, 2], "inflate": -0.1, "uv": [134, 59]},
						{"origin": [-5.38, 17.75885, -6.9], "size": [4, 3, 2], "inflate": -0.11, "pivot": [-3.38, 18.75885, -5.9], "rotation": [0, 0, -37.5], "uv": [118, 171]},
						{"origin": [1.41, 16.74885, -6.9], "size": [3, 3, 2], "inflate": -0.09, "uv": [134, 152]},
						{"origin": [2.15, 18.94885, -6.9], "size": [4, 3, 2], "inflate": -0.1, "uv": [172, 110]},
						{"origin": [1.38, 17.75885, -6.9], "size": [4, 3, 2], "inflate": -0.11, "pivot": [3.38, 18.75885, -5.9], "rotation": [0, 0, 37.5], "uv": [172, 115]},
						{"origin": [7.34206, 20.57841, -7], "size": [5, 8, 4], "inflate": -0.2, "pivot": [9.84206, 25.07841, 0.5], "rotation": [0, 0, 70], "uv": [134, 164]},
						{"origin": [3.53358, 20.11885, -6.9], "size": [5, 4, 2], "inflate": -0.11, "pivot": [5.03358, 21.61885, -5.9], "rotation": [0, 0, -55], "uv": [170, 53]},
						{"origin": [7.74206, 28.93841, -7], "size": [5, 2, 18], "inflate": -0.2, "pivot": [10.24206, 25.43841, 0.5], "rotation": [0, 0, 70], "uv": [0, 100]},
						{"origin": [10.92826, 27.41299, -6.99], "size": [3, 2, 18], "inflate": -0.2, "pivot": [11.92826, 27.41299, -4.99], "rotation": [0, 0, 70], "uv": [112, 22]},
						{"origin": [-13.92826, 27.41299, -6.99], "size": [3, 2, 18], "inflate": -0.2, "pivot": [-11.92826, 27.41299, -4.99], "rotation": [0, 0, -70], "uv": [90, 109]},
						{"origin": [-12.74206, 28.93841, -7], "size": [5, 2, 18], "inflate": -0.2, "pivot": [-10.24206, 25.43841, 0.5], "rotation": [0, 0, -70], "uv": [100, 67]},
						{"origin": [-13.72545, 14.64526, 6], "size": [5, 14, 5], "inflate": -0.2, "pivot": [-10.48532, 26.02469, 8.495], "rotation": [0, 0, -68], "uv": [114, 152]},
						{"origin": [8.72545, 14.64526, 6], "size": [5, 14, 5], "inflate": -0.2, "pivot": [10.48532, 26.02469, 8.495], "rotation": [0, 0, 68], "uv": [154, 22]},
						{"origin": [-1.5, 18.80526, 6.02], "size": [3, 5, 5], "inflate": -0.2, "uv": [170, 146]}
					]
				},
				{
					"name": "band2",
					"parent": "band",
					"pivot": [-9.51232, 23.22954, -6.61143],
					"cubes": [
						{"origin": [-19.77206, 19.57841, -6.04], "size": [11, 8, 0], "pivot": [-9.27206, 24.07841, 1.46], "rotation": [-2.57816, -7.04533, -69.84126], "uv": [146, 79]}
					]
				},
				{
					"name": "band3",
					"parent": "band",
					"pivot": [9.51232, 23.22954, -6.61143],
					"cubes": [
						{"origin": [8.77206, 19.57841, -6.04], "size": [11, 8, 0], "pivot": [9.27206, 24.07841, 1.46], "rotation": [-2.57816, 7.04533, 69.84126], "uv": [112, 59]}
					]
				},
				{
					"name": "band4",
					"parent": "band",
					"pivot": [-14.75603, 25.70686, 2],
					"cubes": [
						{"origin": [-15.14, 15.97, -6.5], "size": [0, 9, 17], "pivot": [-14.14, 25.97, 3.5], "rotation": [0, 0, 30], "uv": [38, 122]}
					]
				},
				{
					"name": "band5",
					"parent": "band",
					"pivot": [14.75603, 25.70686, 2],
					"cubes": [
						{"origin": [15.14, 15.97, -6.5], "size": [0, 9, 17], "pivot": [14.14, 25.97, 3.5], "rotation": [0, 0, -30], "uv": [38, 122], "mirror": true}
					]
				},
				{
					"name": "band6",
					"parent": "band",
					"pivot": [-7.46293, 22.42135, 10.71072],
					"cubes": [
						{"origin": [-19.60206, 17.44841, 10.05], "size": [11, 10, 0], "pivot": [-9.10206, 24.94841, 2.55], "rotation": [2.57816, 7.04533, -69.84126], "uv": [156, 10]}
					]
				},
				{
					"name": "band7",
					"parent": "band",
					"pivot": [7.46293, 22.42135, 10.71072],
					"cubes": [
						{"origin": [8.60206, 17.44841, 10.05], "size": [11, 10, 0], "pivot": [9.10206, 24.94841, 2.55], "rotation": [2.57816, -7.04533, 69.84126], "uv": [156, 0]}
					]
				},
				{
					"name": "torse",
					"parent": "body",
					"pivot": [-0.29, 26.64, 2.26],
					"cubes": [
						{"origin": [-12.56358, 26.43885, -5.87], "size": [12, 7, 15], "inflate": -0.1, "pivot": [-7.06358, 27.43885, 0.13], "rotation": [0, 0, -55], "uv": [64, 0]},
						{"origin": [-8.5, 21.12, -5.87], "size": [17, 16, 15], "uv": [0, 0]},
						{"origin": [-4.5, 17.12, -5.89], "size": [9, 4, 13], "inflate": -0.01, "uv": [112, 42]},
						{"origin": [0.56358, 26.43885, -5.87], "size": [12, 7, 15], "inflate": -0.1, "pivot": [7.06358, 27.43885, 0.13], "rotation": [0, 0, 55], "uv": [64, 0], "mirror": true},
						{"origin": [-3, 25.25, 7.39], "size": [6, 11, 2], "pivot": [-1, 33.75, 8.89], "rotation": [3.5, 0, 0], "uv": [0, 165]},
						{"origin": [0.29, 22.14, 7.76], "size": [5, 12, 2], "pivot": [2.29, 25.64, 9.26], "rotation": [3.08362, 2.102, -22.40668], "uv": [56, 169]},
						{"origin": [-5.29, 22.14, 7.76], "size": [5, 12, 2], "pivot": [-2.29, 25.64, 9.26], "rotation": [3.08362, -2.102, 22.40668], "uv": [70, 169]}
					]
				},
				{
					"name": "head",
					"parent": "torse",
					"pivot": [0, 35.92854, 1.30243],
					"cubes": [
						{"origin": [3, 35.95, -3.22], "size": [3, 7, 10], "inflate": -0.01, "pivot": [4.5, 39.45, 1.28], "rotation": [0, 0, -17.5], "uv": [62, 152]},
						{"origin": [-5, 35.95, -3.22], "size": [10, 7, 10], "uv": [132, 110]},
						{"origin": [-4, 35.95, 5.49], "size": [8, 7, 2], "pivot": [0, 39.45, 6.99], "rotation": [12.5, 0, 0], "uv": [152, 164]},
						{"origin": [-8.66, 37.03, -0.71], "size": [6, 4, 4], "inflate": -0.1, "pivot": [-4.16, 39.53, 0.79], "rotation": [0, 0, 25], "uv": [36, 166]},
						{"origin": [-6, 35.95, -3.22], "size": [3, 7, 10], "inflate": -0.01, "pivot": [-4.5, 39.45, 1.28], "rotation": [0, 0, 17.5], "uv": [88, 152]},
						{"origin": [2.66, 37.03, -0.71], "size": [6, 4, 4], "inflate": -0.1, "pivot": [4.16, 39.53, 0.79], "rotation": [0, 0, -25], "uv": [16, 165]},
						{"origin": [-3.93934, 38.17, -3.86], "size": [8, 8, 11], "pivot": [1.06066, 42.67, 1.64], "rotation": [0, 0, 45], "uv": [144, 127]},
						{"origin": [2.39, 38.61, -3.17], "size": [1, 2, 2], "inflate": 0.1, "uv": [90, 105]},
						{"origin": [-3.39, 38.61, -3.17], "size": [1, 2, 2], "inflate": 0.1, "uv": [62, 148]}
					]
				},
				{
					"name": "hands",
					"parent": "body",
					"pivot": [0, 32, 0]
				},
				{
					"name": "hand_right",
					"parent": "hands",
					"pivot": [-32.865, 33.45, -4.07],
					"cubes": [
						{"origin": [-39.33, 30.37, -8.57], "size": [13, 13, 9], "inflate": 0.1, "uv": [100, 87]},
						{"origin": [-38.4, 28.53, -7.57], "size": [11, 3, 7], "uv": [146, 69]}
					]
				},
				{
					"name": "finger4",
					"parent": "hand_right",
					"pivot": [-34.30286, 43, -4.16],
					"rotation": [25, 0, 0],
					"cubes": [
						{"origin": [-38.89, 41.59, -7.66], "size": [12, 15, 7], "inflate": 0.2, "uv": [0, 120]}
					]
				},
				{
					"name": "finger5",
					"parent": "hand_right",
					"pivot": [-30.10714, 36.8237, -7.75766],
					"rotation": [27.91504, -0.23195, 58.66657],
					"cubes": [
						{"origin": [-34.36699, 33.93322, -7.70865], "size": [11, 16, 7], "inflate": 0.01, "pivot": [-29.17028, 36.5, -4.48], "rotation": [-6.5, 0, 0], "uv": [0, 142]}
					]
				},
				{
					"name": "finger6",
					"parent": "hand_right",
					"pivot": [-35.82286, 36.8237, -7.75766],
					"rotation": [25.38354, 1.40189, -60.87619],
					"cubes": [
						{"origin": [-42.42301, 33.93322, -7.70865], "size": [11, 16, 7], "inflate": 0.01, "pivot": [-36.61972, 36.5, -4.48], "rotation": [-2, 0, 0], "uv": [144, 87]}
					]
				},
				{
					"name": "hand_left",
					"parent": "hands",
					"pivot": [32.865, 33.45, -4.07],
					"cubes": [
						{"origin": [26.33, 30.37, -8.57], "size": [13, 13, 9], "inflate": 0.1, "uv": [46, 100]},
						{"origin": [27.4, 28.53, -7.57], "size": [11, 3, 7], "uv": [146, 59]}
					]
				},
				{
					"name": "finger1",
					"parent": "hand_left",
					"pivot": [34.30286, 43, -4.16],
					"rotation": [25, 0, 0],
					"cubes": [
						{"origin": [26.89, 41.59, -7.66], "size": [12, 15, 7], "inflate": 0.2, "uv": [118, 0]}
					]
				},
				{
					"name": "finger3",
					"parent": "hand_left",
					"pivot": [30.10714, 36.8237, -7.75766],
					"rotation": [27.91504, 0.23195, -58.66657],
					"cubes": [
						{"origin": [23.36699, 33.93322, -7.70865], "size": [11, 16, 7], "inflate": 0.01, "pivot": [29.17028, 36.5, -4.48], "rotation": [-6.5, 0, 0], "uv": [72, 129]}
					]
				},
				{
					"name": "finger2",
					"parent": "hand_left",
					"pivot": [35.82286, 36.8237, -7.75766],
					"rotation": [25.38354, -1.40189, 60.87619],
					"cubes": [
						{"origin": [31.42301, 33.93322, -7.70865], "size": [11, 16, 7], "inflate": 0.01, "pivot": [36.61972, 36.5, -4.48], "rotation": [-2, 0, 0], "uv": [108, 129]}
					]
				},
				{
					"name": "legs",
					"parent": "body",
					"pivot": [0.47358, 20.80885, 0.09]
				},
				{
					"name": "leg_right",
					"parent": "legs",
					"pivot": [9.47358, 20.80885, 0.09],
					"rotation": [0, 0, -17.5],
					"cubes": [
						{"origin": [2.97358, 6.05885, -5.91], "size": [12, 20, 16], "inflate": -0.11, "pivot": [9.47358, 18.05885, 0.09], "rotation": [0, 0, 75.5], "uv": [0, 31]}
					]
				},
				{
					"name": "leg_right4",
					"parent": "leg_right",
					"pivot": [9.45031, 12.29701, 0.51],
					"cubes": [
						{"origin": [4.95031, 0.79701, -5.49], "size": [10, 18, 15], "inflate": -0.41, "pivot": [10.45031, 11.29701, 0.51], "rotation": [0, 0, 78], "uv": [0, 67]}
					]
				},
				{
					"name": "leg_right5",
					"parent": "leg_right4",
					"pivot": [9.67778, 7.96812, 1.83],
					"rotation": [0, 0, 2.5],
					"cubes": [
						{"origin": [6.17778, -1.53188, -1.64], "size": [5, 10, 8], "inflate": -0.2, "pivot": [10.67778, 4.96812, 1.83], "rotation": [0, 0, 80.5], "uv": [144, 146]}
					]
				},
				{
					"name": "leg_right2",
					"parent": "leg_right5",
					"pivot": [10.01078, 5.56998, 0.9],
					"rotation": [0, 0, 7.5],
					"cubes": [
						{"origin": [5.86201, 0.53755, 0.17], "size": [6, 4, 4], "inflate": -0.4, "pivot": [9.60039, 3.31999, -0.225], "rotation": [0, 0, 92], "uv": [168, 79]}
					]
				},
				{
					"name": "leg_right3",
					"parent": "leg_right2",
					"pivot": [10.35, 3.75, 1.11],
					"cubes": [
						{"origin": [6.43, -0.59, -1.09], "size": [5, 3, 6], "pivot": [9.60039, 3.31999, -0.225], "rotation": [0, 0, 7.5], "uv": [64, 22]},
						{"origin": [6.41, -0.84, -4.62], "size": [5, 3, 4], "inflate": -0.3, "pivot": [9.60039, 3.31999, -0.225], "rotation": [0, 0, 7.5], "uv": [72, 122]}
					]
				},
				{
					"name": "leg_left",
					"parent": "legs",
					"pivot": [-9.47358, 20.80885, 0.09],
					"rotation": [0, 0, 17.5],
					"cubes": [
						{"origin": [-14.97358, 6.05885, -5.91], "size": [12, 20, 16], "inflate": -0.1, "pivot": [-9.47358, 18.05885, 0.09], "rotation": [0, 0, -75.5], "uv": [56, 31]}
					]
				},
				{
					"name": "leg_left4",
					"parent": "leg_left",
					"pivot": [-9.45031, 12.29701, 0.51],
					"cubes": [
						{"origin": [-14.95031, 0.79701, -5.49], "size": [10, 18, 15], "inflate": -0.41, "pivot": [-10.45031, 11.29701, 0.51], "rotation": [0, 0, -78], "uv": [50, 67]}
					]
				},
				{
					"name": "leg_left5",
					"parent": "leg_left4",
					"pivot": [-9.67778, 7.96812, 1.83],
					"rotation": [0, 0, -2.5],
					"cubes": [
						{"origin": [-11.17778, -1.53188, -1.64], "size": [5, 10, 8], "inflate": -0.2, "pivot": [-10.67778, 4.96812, 1.83], "rotation": [0, 0, -80.5], "uv": [36, 148]}
					]
				},
				{
					"name": "leg_left2",
					"parent": "leg_left5",
					"pivot": [-10.01078, 5.56998, 0.9],
					"rotation": [0, 0, -7.5],
					"cubes": [
						{"origin": [-11.86201, 0.53755, 0.17], "size": [6, 4, 4], "inflate": -0.4, "pivot": [-9.60039, 3.31999, -0.225], "rotation": [0, 0, -92], "uv": [84, 169]}
					]
				},
				{
					"name": "leg_left3",
					"parent": "leg_left2",
					"pivot": [-10.35, 3.75, 1.11],
					"cubes": [
						{"origin": [-11.43, -0.59, -1.09], "size": [5, 3, 6], "pivot": [-9.60039, 3.31999, -0.225], "rotation": [0, 0, -7.5], "uv": [86, 22]},
						{"origin": [-11.41, -0.84, -4.62], "size": [5, 3, 4], "inflate": -0.3, "pivot": [-9.60039, 3.31999, -0.225], "rotation": [0, 0, -7.5], "uv": [170, 156]}
					]
				}
			]
		}
	]
}