{
    "type": "minecraft:empty",
    "pools": [
        {
            "bonus_rolls": 0,
            "entries": [
                {
                    "type": "minecraft:item",
                    "name": "cobblemon:metal_coat",
                    "weight": 2
                },
                {
                    "type": "minecraft:item",
                    "name": "cobblemon:black_glasses",
                    "weight": 2
                },
                {
                    "type": "minecraft:item",
                    "name": "cobblemon:charcoal_stick",
                    "weight": 2
                },
                {
                    "type": "minecraft:item",
                    "name": "cobblemon:dragon_fang",
                    "weight": 2
                },
                {
                    "type": "minecraft:item",
                    "name": "cobblemon:hard_stone",
                    "weight": 2
                },
                {
                    "type": "minecraft:item",
                    "name": "cobblemon:magnet",
                    "weight": 2
                },
                {
                    "type": "minecraft:item",
                    "name": "cobblemon:miracle_seed",
                    "weight": 2
                },
                {
                    "type": "minecraft:item",
                    "name": "cobblemon:mystic_water",
                    "weight": 2
                },
                {
                    "type": "minecraft:item",
                    "name": "cobblemon:never_melt_ice",
                    "weight": 2
                },
                {
                    "type": "minecraft:item",
                    "name": "cobblemon:poison_barb",
                    "weight": 2
                },
                {
                    "type": "minecraft:item",
                    "name": "cobblemon:silk_scarf",
                    "weight": 2
                },
                {
                    "type": "minecraft:item",
                    "name": "cobblemon:silver_powder",
                    "weight": 2
                },
                {
                    "type": "minecraft:item",
                    "name": "cobblemon:soft_sand",
                    "weight": 2
                },
                {
                    "type": "minecraft:item",
                    "name": "cobblemon:spell_tag",
                    "weight": 2
                },
                {
                    "type": "minecraft:item",
                    "name": "cobblemon:twisted_spoon",
                    "weight": 2
                },
                {
                    "type": "minecraft:item",
                    "name": "cobblemon:air_balloon",
                    "weight": 1
                },
                {
                    "type": "minecraft:item",
                    "name": "cobblemon:binding_band",
                    "weight": 1
                },
                {
                    "type": "minecraft:item",
                    "name": "cobblemon:damp_rock",
                    "weight": 1
                },
                {
                    "type": "minecraft:item",
                    "name": "cobblemon:eject_button",
                    "weight": 1
                },
                {
                    "type": "minecraft:item",
                    "name": "cobblemon:heat_rock",
                    "weight": 1
                },
                {
                    "type": "minecraft:item",
                    "name": "cobblemon:icy_rock",
                    "weight": 1
                },
                {
                    "type": "minecraft:item",
                    "name": "cobblemon:light_ball",
                    "weight": 1
                },
                {
                    "type": "minecraft:item",
                    "name": "cobblemon:red_card",
                    "weight": 1
                },
                {
                    "type": "minecraft:item",
                    "name": "cobblemon:smooth_rock",
                    "weight": 1
                },
                {
                    "type": "minecraft:item",
                    "name": "cobblemon:soothe_bell",
                    "weight": 1
                },
                {
                    "type": "minecraft:item",
                    "name": "cobblemon:terrain_extender",
                    "weight": 1
                },
                {
                    "type": "minecraft:item",
                    "name": "cobblemon:throat_spray",
                    "weight": 1
                },
                {
                    "type": "minecraft:item",
                    "name": "cobblemon:absorb_bulb",
                    "weight": 2
                },
                {
                    "type": "minecraft:item",
                    "name": "cobblemon:cell_battery",
                    "weight": 2
                },
                {
                    "type": "minecraft:item",
                    "name": "cobblemon:float_stone",
                    "weight": 2
                },
                {
                    "type": "minecraft:item",
                    "name": "cobblemon:iron_ball",
                    "weight": 2
                },
                {
                    "type": "minecraft:item",
                    "name": "cobblemon:shed_shell",
                    "weight": 2
                },
                {
                    "type": "minecraft:item",
                    "name": "cobblemon:sticky_barb",
                    "weight": 2
                },
                {
                    "type": "minecraft:item",
                    "name": "cobblemon:utility_umbrella",
                    "weight": 2
                },
						{
          "type": "minecraft:loot_table",
          "value": "cobblemon:sets/any_type_gem"
        }
            ],
            "rolls": 1
        }
    ]
}