{
	"credit": "Made with Blockbench",
	"texture_size": [32, 32],
	"textures": {
		"2": "cobblemon:item/fishing/template_ancient",
		"particle": "cobblemon:item/fishing/template_ancient"
	},
	"elements": [
		{
			"from": [8, 5.25, 6.75],
			"to": [8.01, 13.25, 7.25],
			"rotation": {"angle": 0, "axis": "x", "origin": [10.5, 4.5, 9]},
			"faces": {
				"north": {"uv": [2, 10.5, 2, 14.5], "texture": "#2"},
				"east": {"uv": [2, 4, 2.5, 8], "texture": "#2"},
				"south": {"uv": [2.5, 10.5, 2.5, 14.5], "texture": "#2"},
				"west": {"uv": [4, 2, 4.5, 6], "texture": "#2"},
				"up": {"uv": [4.5, 8, 4.5, 7.5], "texture": "#2"},
				"down": {"uv": [6, 10.5, 6, 11], "texture": "#2"}
			}
		},
		{
			"from": [8, 13.2912, 2.30656],
			"to": [8.01, 13.7912, 6.30656],
			"rotation": {"angle": -45, "axis": "x", "origin": [9.75, 13.5, 6.5]},
			"faces": {
				"north": {"uv": [6.5, 10.5, 6.5, 11], "texture": "#2"},
				"east": {"uv": [8.5, 6, 10.5, 6.5], "texture": "#2"},
				"south": {"uv": [7, 10.5, 7, 11], "texture": "#2"},
				"west": {"uv": [7, 8.5, 9, 9], "texture": "#2"},
				"up": {"uv": [7.5, 12.5, 7.5, 10.5], "texture": "#2"},
				"down": {"uv": [8, 10.5, 8, 12.5], "texture": "#2"}
			}
		},
		{
			"from": [7.5, 12.7912, 0.80656],
			"to": [8.5, 14.2912, 2.30656],
			"rotation": {"angle": -45, "axis": "x", "origin": [9.75, 13.5, 6.5]},
			"faces": {
				"north": {"uv": [7.5, 0, 8.5, 1.5], "texture": "#2"},
				"east": {"uv": [2, 0, 3.5, 1.5], "texture": "#2"},
				"south": {"uv": [7.5, 2, 8.5, 3.5], "texture": "#2"},
				"west": {"uv": [2, 2, 3.5, 3.5], "texture": "#2"},
				"up": {"uv": [4, 9, 3, 7.5], "texture": "#2"},
				"down": {"uv": [8.5, 4, 7.5, 5.5], "texture": "#2"}
			}
		},
		{
			"from": [8, 12.2912, -0.69344],
			"to": [8.01, 13.7912, 0.80656],
			"rotation": {"angle": -45, "axis": "x", "origin": [9.75, 13.5, 6.5]},
			"faces": {
				"north": {"uv": [10.5, 9, 10.5, 10.5], "texture": "#2"},
				"east": {"uv": [0, 4, 1.5, 5.5], "texture": "#2"},
				"south": {"uv": [9.5, 10.5, 9.5, 12], "texture": "#2"},
				"west": {"uv": [4, 0, 5.5, 1.5], "texture": "#2"},
				"up": {"uv": [10, 12, 10, 10.5], "texture": "#2"},
				"down": {"uv": [0, 11, 0, 12.5], "texture": "#2"}
			}
		},
		{
			"from": [7.5, 5, 7.5],
			"to": [8.5, 10.5, 8.5],
			"rotation": {"angle": 0, "axis": "x", "origin": [10, 5, 7.25]},
			"faces": {
				"north": {"uv": [3, 4, 3.5, 7], "texture": "#2"},
				"east": {"uv": [5, 2, 5.5, 5], "texture": "#2"},
				"south": {"uv": [5, 5.5, 5.5, 8.5], "texture": "#2"},
				"west": {"uv": [0, 6, 0.5, 9], "texture": "#2"},
				"up": {"uv": [10.5, 1.5, 10, 1], "texture": "#2"},
				"down": {"uv": [10.5, 2, 10, 2.5], "texture": "#2"}
			}
		},
		{
			"from": [7.5, 1, 7.375],
			"to": [8.5, 4, 8.625],
			"rotation": {"angle": 0, "axis": "x", "origin": [10, 5, 7.375]},
			"faces": {
				"north": {"uv": [2, 8.5, 2.5, 10], "texture": "#2"},
				"east": {"uv": [9, 0, 9.5, 1.5], "texture": "#2"},
				"south": {"uv": [9, 2, 9.5, 3.5], "texture": "#2"},
				"west": {"uv": [9, 4, 9.5, 5.5], "texture": "#2"},
				"up": {"uv": [10.5, 3.5, 10, 3], "texture": "#2"},
				"down": {"uv": [4.5, 10, 4, 10.5], "texture": "#2"}
			}
		},
		{
			"from": [7.25, 4.5, 6.25],
			"to": [8.75, 6.5, 8.25],
			"rotation": {"angle": 45, "axis": "x", "origin": [7.5, 5.5, 6.5]},
			"faces": {
				"north": {"uv": [6, 0, 7, 1.5], "texture": "#2"},
				"east": {"uv": [0, 0, 1.5, 1.5], "texture": "#2"},
				"south": {"uv": [6, 2, 7, 3.5], "texture": "#2"},
				"west": {"uv": [0, 2, 1.5, 3.5], "texture": "#2"},
				"up": {"uv": [7, 5.5, 6, 4], "texture": "#2"},
				"down": {"uv": [7, 6, 6, 7.5], "texture": "#2"}
			}
		},
		{
			"from": [7.375, 4, 7],
			"to": [8.625, 5, 9],
			"rotation": {"angle": 0, "axis": "x", "origin": [10.125, 5, 7.25]},
			"faces": {
				"north": {"uv": [10, 4, 10.5, 4.5], "texture": "#2"},
				"east": {"uv": [8.5, 7, 9.5, 7.5], "texture": "#2"},
				"south": {"uv": [5, 10, 5.5, 10.5], "texture": "#2"},
				"west": {"uv": [4.5, 9, 5.5, 9.5], "texture": "#2"},
				"up": {"uv": [0.5, 10.5, 0, 9.5], "texture": "#2"},
				"down": {"uv": [3.5, 9.5, 3, 10.5], "texture": "#2"}
			}
		},
		{
			"from": [7.375, 0, 7],
			"to": [8.625, 1, 9],
			"rotation": {"angle": 0, "axis": "x", "origin": [10.125, 5, 7.25]},
			"faces": {
				"north": {"uv": [10, 5, 10.5, 5.5], "texture": "#2"},
				"east": {"uv": [7, 9.5, 8, 10], "texture": "#2"},
				"south": {"uv": [10, 7, 10.5, 7.5], "texture": "#2"},
				"west": {"uv": [9.5, 8, 10.5, 8.5], "texture": "#2"},
				"up": {"uv": [9, 10.5, 8.5, 9.5], "texture": "#2"},
				"down": {"uv": [10, 9, 9.5, 10], "texture": "#2"}
			}
		},
		{
			"from": [7.495, 10.5, 7.5],
			"to": [8.505, 14.5, 8.5],
			"rotation": {"angle": -22.5, "axis": "x", "origin": [9.995, 10.5, 8.5]},
			"faces": {
				"north": {"uv": [1, 6, 1.5, 8], "texture": "#2"},
				"east": {"uv": [7.5, 6, 8, 8], "texture": "#2"},
				"south": {"uv": [6, 8, 6.5, 10], "texture": "#2"},
				"west": {"uv": [1, 8.5, 1.5, 10.5], "texture": "#2"},
				"up": {"uv": [4.5, 7, 4, 6.5], "texture": "#2"},
				"down": {"uv": [10.5, 0, 10, 0.5], "texture": "#2"}
			}
		}
	],
	"gui_light": "front",
	"overrides": [
		{"predicate": {"cast": 1}, "model": "item/fishing_rod_cast"}
	],
	"display": {
		"thirdperson_righthand": {
			"translation": [0, 4.5, 1],
			"scale": [1.2, 1.2, 1.2]
		},
		"thirdperson_lefthand": {
			"translation": [0, 4.5, 1],
			"scale": [1.2, 1.2, 1.2]
		},
		"firstperson_righthand": {
			"rotation": [-43.5, 0, 0],
			"translation": [4, 3, -5],
			"scale": [1.1, 1.1, 1.1]
		},
		"firstperson_lefthand": {
			"rotation": [-43.5, 0, 0],
			"translation": [4, 3, -5],
			"scale": [1.1, 1.1, 1.1]
		},
		"ground": {
			"rotation": [-45, 0, 0],
			"translation": [0, 2, -1.75],
			"scale": [0.8, 0.8, 0.8]
		},
		"gui": {
			"rotation": [-90, -45, -90],
			"translation": [0.25, 1.25, 0],
			"scale": [1.2, 1.2, 1.2]
		},
		"fixed": {
			"rotation": [-90, 45, 90],
			"translation": [-0.25, 1.25, 0],
			"scale": [1.4, 1.4, 1.4]
		}
	},
	"groups": [
		{
			"name": "string",
			"origin": [0, -3, 0],
			"color": 0,
			"children": [
				0,
				{
					"name": "bobber",
					"origin": [0, -3, 0],
					"color": 0,
					"children": [1, 2, 3]
				}
			]
		},
		{
			"name": "rod",
			"origin": [10.125, 0, 7.25],
			"color": 0,
			"children": [4, 5, 6, 7, 8, 9]
		}
	]
}