{
  "species": "cobblemon:gengar",
  "order": 1,
  "variations": [
    {
      "aspects": ["mega"],
      "model": "cobblemon:gengar_mega.geo",
      "texture": "cobblemon:textures/pokemon/0094_gengar/gengar_mega.png",
      "layers": [
        {
          "name": "emissive",
          "texture": "cobblemon:textures/pokemon/0094_gengar/gengar_mega_emissives.png",
          "emissive": true,
          "translucent": true
        }
      ]
    },
    {
      "aspects": ["mega","shiny"],
      "model": "cobblemon:gengar_mega.geo",
      "texture": "cobblemon:textures/pokemon/0094_gengar/gengar_mega_shiny.png",
      "layers": [
        {
          "name": "emissive",
          "texture": "cobblemon:textures/pokemon/0094_gengar/gengar_mega_emissives.png",
          "emissive": true,
          "translucent": true
        }
      ]
    }
  ]
}
