{
	"format_version": "1.8.0",
	"animations": {
		"animation.araquanid.pose": {
			"loop": true,
			"bones": {
				"torso": {
					"rotation": [12.5, 0, 0]
				},
				"head": {
					"rotation": [12.00255, -18.71296, -8.78736]
				},
				"bone14": {
					"position": [0, -2, 0]
				},
				"bone15": {
					"rotation": [0, 0, 5]
				},
				"bone5": {
					"position": [0, -1, 0]
				},
				"bone6": {
					"rotation": [0, 0, -5]
				},
				"bone17": {
					"position": [0, -3, 0]
				},
				"bone18": {
					"rotation": [0, 0, 12.5]
				},
				"bone2": {
					"rotation": [0, 0, 5],
					"position": [0, -3, 0]
				},
				"bone3": {
					"rotation": [0, 0, -20]
				}
			}
		},
		"animation.araquanid.ground_idle": {
			"loop": true,
			"bones": {
				"body": {
					"position": [0, 0, "0-math.sin(q.anim_time*90*1+40)*0.5"]
				},
				"torso": {
					"rotation": ["0+math.sin(q.anim_time*90*1-90)*2", 0, 0],
					"position": [0, "0-math.sin(q.anim_time*90*1)*0.5", "0-math.sin(q.anim_time*90*1+40)*0.5"]
				},
				"head": {
					"rotation": ["0+math.sin(q.anim_time*90*1-90)*2", 0, 0]
				},
				"bone": {
					"rotation": ["0+math.sin(q.anim_time*90*1-30)*3", 0, 0]
				},
				"bone11": {
					"rotation": ["0+math.sin(q.anim_time*90*1)*4", 0, "0+math.sin(q.anim_time*90*1)*1"]
				},
				"bone12": {
					"rotation": [0, "0-math.sin(q.anim_time*90*1-20)*3", 0]
				},
				"bone8": {
					"rotation": ["0+math.sin(q.anim_time*90*1)*4", 0, "0-math.sin(q.anim_time*90*1)*1"]
				},
				"bone9": {
					"rotation": [0, "0+math.sin(q.anim_time*90*1-20)*2.9", 0]
				},
				"bone14": {
					"rotation": ["0.1115+math.sin(q.anim_time*90*1)*4", -0.10633, "2.5002+math.sin(q.anim_time*90*1)*2"],
					"position": [0, "0-math.sin(q.anim_time*90*1)*0.5", 0]
				},
				"bone15": {
					"rotation": [0.20555, "0.3733-math.sin(q.anim_time*90*1-50)*2", -9.99516]
				},
				"bone5": {
					"rotation": ["0+math.sin(q.anim_time*90*1)*3", 0, "0-math.sin(q.anim_time*90*1)*2"],
					"position": [0, "0-math.sin(q.anim_time*90*1)*0.5", 0]
				},
				"bone6": {
					"rotation": [0, "0+math.sin(q.anim_time*90*1-50)*2", 0]
				},
				"bone17": {
					"rotation": ["0+math.sin(q.anim_time*90*1)*4", 0, "0+math.sin(q.anim_time*90*1)*1.4"],
					"position": [0, "0-math.sin(q.anim_time*90*1)*0.5", "0-math.sin(q.anim_time*90*1+40)*0.5"]
				},
				"bone18": {
					"rotation": [0, "0-math.sin(q.anim_time*90*1-50)*3", 0]
				},
				"bone2": {
					"rotation": ["0+math.sin(q.anim_time*90*1)*4", 0, "0-math.sin(q.anim_time*90*1)*1.8"],
					"position": [0, "0-math.sin(q.anim_time*90*1)*0.5", "0-math.sin(q.anim_time*90*1+40)*0.5"]
				},
				"bone3": {
					"rotation": [0, "0+math.sin(q.anim_time*90*1-50)*3", 0]
				}
			}
		},
		"animation.araquanid.ground_walk": {
			"loop": true,
			"animation_length": 1,
			"bones": {
				"torso": {
					"rotation": ["7.5+math.sin(q.anim_time*90*8)*4", 0, "0+math.sin(q.anim_time*90*4-90)*4"],
					"position": ["0-math.sin(q.anim_time*90*4-90)*0.5", "0+math.sin(q.anim_time*90*8-90)*1", 0]
				},
				"head": {
					"rotation": ["0+math.sin(q.anim_time*90*8-60)*2", 0, 0]
				},
				"bone": {
					"rotation": ["0+math.sin(q.anim_time*90*8-60)*2", 0, 0]
				},
				"bone11": {
					"rotation": {
						"0.0": [17.10478, 11.65354, 3.49009],
						"0.2083": [10.58976, 0.89634, 17.52825],
						"0.375": [-15.68779, 2.8319, -6.30516],
						"1.0": [17.10478, 11.65354, 3.49009]
					}
				},
				"bone12": {
					"rotation": {
						"0.0": [0, 0, 7.5],
						"0.5": [-0.32902, -7.49282, 10.02154],
						"1.0": [0, 0, 7.5]
					}
				},
				"bone8": {
					"rotation": {
						"0.0": [-13.16353, 3.32878, 7.93444],
						"0.625": [27.48233, -10.57031, 5.04684],
						"0.7917": [12.68159, 9.72334, -8.04749],
						"1.0": [-13.16353, 3.32878, 7.93444]
					}
				},
				"bone9": {
					"rotation": {
						"0.0": [0, 12.5, -12.5],
						"0.7083": {
							"pre": [0, 12.5, -12.5],
							"post": [0, 12.5, -12.5],
							"lerp_mode": "catmullrom"
						},
						"0.875": [2.10184, 12.29845, -2.72505],
						"1.0": [0, 12.5, -12.5]
					}
				},
				"bone14": {
					"rotation": {
						"0.0": [-19.33568, -5.33582, -8.78097],
						"0.5": [17.34535, 9.28464, -0.7538],
						"0.7083": {
							"pre": [24.62738, 10.47229, -7.75639],
							"post": [24.62738, 10.47229, -7.75639],
							"lerp_mode": "catmullrom"
						},
						"0.875": [-4.08605, 0.98042, 12.89236],
						"1.0": [-19.33568, -5.33582, -8.78097]
					}
				},
				"bone15": {
					"rotation": {
						"0.0": [0, 0, 10],
						"0.5": [0, 0, -2.5],
						"0.875": [0, 0, -7.06],
						"1.0": [0, 0, 10]
					}
				},
				"bone5": {
					"rotation": {
						"0.0": [7.42249, -5.45917, 2.89825],
						"0.2917": [-13.74522, -3.69862, -13.33076],
						"0.4583": [-37.60911, 5.41675, 4.76988],
						"0.8333": [-19.16515, -0.18392, -0.47442],
						"1.0": [7.42249, -5.45917, 2.89825]
					}
				},
				"bone6": {
					"rotation": {
						"0.0": {
							"post": [0, -17.5, 0],
							"lerp_mode": "catmullrom"
						},
						"0.375": {
							"post": [-1.9804, -17.6527, 7.7552],
							"lerp_mode": "catmullrom"
						},
						"0.5": [-0.50444, -17.54682, 1.98152],
						"1.0": [0, -17.5, 0]
					}
				},
				"bone17": {
					"rotation": {
						"0.0": [20.46097, 8.77033, -12.08219],
						"0.5": {
							"pre": [0.78333, -0.82948, 15.60528],
							"post": [0.78333, -0.82948, 15.60528],
							"lerp_mode": "catmullrom"
						},
						"0.625": [-1.56256, -8.47462, -10.88406],
						"1.0": [20.46097, 8.77033, -12.08219]
					}
				},
				"bone18": {
					"rotation": {
						"0.0": [0, 0, 25],
						"0.3333": [0, 0, 18.75],
						"0.4583": [0, 0, 22.5],
						"1.0": [0, 0, 25]
					}
				},
				"bone2": {
					"rotation": {
						"0.0": [-7.89484, 7.99113, 15.09155],
						"0.7083": [15.96211, -17.78549, 6.92634],
						"0.9167": [8.80099, -0.17385, -14.40383],
						"1.0": [-7.89484, 7.99113, 15.09155]
					}
				},
				"bone3": {
					"rotation": {
						"0.0": [0.6574, 7.4713, -24.95708],
						"0.2083": [0, 10, -30],
						"0.5833": [-2.4611, 2.54821, -8.64796],
						"1.0": [0, 7.5, -30]
					}
				}
			}
		},
		"animation.araquanid.recoil": {
			"animation_length": 0.8333,
			"bones": {
				"torso": {
					"rotation": {
						"0.0": {
							"post": [0, 0, 0],
							"lerp_mode": "catmullrom"
						},
						"0.0833": {
							"post": [7.5, 0, 0],
							"lerp_mode": "catmullrom"
						},
						"0.2917": {
							"post": [-15, 0, 0],
							"lerp_mode": "catmullrom"
						},
						"0.5": {
							"post": [0, 0, 0],
							"lerp_mode": "catmullrom"
						}
					},
					"position": {
						"0.0": {
							"post": [0, 0, 0],
							"lerp_mode": "catmullrom"
						},
						"0.0833": {
							"post": [0, 0, 1],
							"lerp_mode": "catmullrom"
						},
						"0.2917": {
							"post": [0, 0, 0],
							"lerp_mode": "catmullrom"
						}
					}
				},
				"head": {
					"rotation": {
						"0.0": {
							"post": [0, 0, 0],
							"lerp_mode": "catmullrom"
						},
						"0.0833": {
							"post": [14.00591, 10.77814, 7.45345],
							"lerp_mode": "catmullrom"
						},
						"0.25": {
							"post": [-2.40814, 10.55516, -0.17525],
							"lerp_mode": "catmullrom"
						},
						"0.5": {
							"post": [0, 0, 0],
							"lerp_mode": "catmullrom"
						}
					}
				},
				"bone": {
					"rotation": {
						"0.0": {
							"post": [0, 0, 0],
							"lerp_mode": "catmullrom"
						},
						"0.0833": {
							"post": [-5, 0, 0],
							"lerp_mode": "catmullrom"
						},
						"0.25": {
							"post": [12.5, 0, 0],
							"lerp_mode": "catmullrom"
						},
						"0.4167": {
							"post": [-2.5, 0, 0],
							"lerp_mode": "catmullrom"
						},
						"0.5417": {
							"post": [12.5, 0, 0],
							"lerp_mode": "catmullrom"
						},
						"0.8333": {
							"post": [0, 0, 0],
							"lerp_mode": "catmullrom"
						}
					}
				}
			}
		},
		"animation.araquanid.special": {
			"animation_length": 1.5833,
			"bones": {
				"torso": {
					"rotation": {
						"0.0": {
							"post": [0, 0, 0],
							"lerp_mode": "catmullrom"
						},
						"0.2083": {
							"post": [-7.5, 10, 0],
							"lerp_mode": "catmullrom"
						},
						"0.375": {
							"post": [0, 10, 0],
							"lerp_mode": "catmullrom"
						},
						"0.5": {
							"post": [0, 15, 0],
							"lerp_mode": "catmullrom"
						},
						"1.125": {
							"post": [0, 15, 0],
							"lerp_mode": "catmullrom"
						},
						"1.5833": {
							"post": [0, 0, 0],
							"lerp_mode": "catmullrom"
						}
					}
				},
				"head": {
					"rotation": {
						"0.0": {
							"post": [0, 0, 0],
							"lerp_mode": "catmullrom"
						},
						"0.2083": {
							"post": [10, 0, 0],
							"lerp_mode": "catmullrom"
						},
						"0.375": {
							"post": [0, 0, 0],
							"lerp_mode": "catmullrom"
						},
						"0.5": {
							"post": [3.76885, -8.04435, 16.58151],
							"lerp_mode": "catmullrom"
						},
						"1.125": {
							"post": [3.76885, -8.04435, 16.58151],
							"lerp_mode": "catmullrom"
						},
						"1.375": {
							"post": [0, 0, 0],
							"lerp_mode": "catmullrom"
						}
					}
				},
				"bone17": {
					"rotation": {
						"0.0": {
							"post": [0, 0, 0],
							"lerp_mode": "catmullrom"
						},
						"0.2083": {
							"post": [-4.78111, 2.38817, -2.03449],
							"lerp_mode": "catmullrom"
						},
						"1.125": {
							"post": [-4.78111, 2.38817, -2.03449],
							"lerp_mode": "catmullrom"
						},
						"1.4167": {
							"post": [0, 0, 0],
							"lerp_mode": "catmullrom"
						},
						"1.5833": {
							"post": [0, 0, 0],
							"lerp_mode": "catmullrom"
						}
					}
				},
				"bone2": {
					"rotation": {
						"0.0": {
							"post": [0, 0, 0],
							"lerp_mode": "catmullrom"
						},
						"0.2083": {
							"post": [0, 0, -25],
							"lerp_mode": "catmullrom"
						},
						"0.375": {
							"post": [0, 0, -25],
							"lerp_mode": "catmullrom"
						},
						"0.5": {
							"post": [14.65936, 24.7374, -1.14877],
							"lerp_mode": "catmullrom"
						},
						"0.5833": {
							"post": [20.62563, 25.72269, 7.17768],
							"lerp_mode": "catmullrom"
						},
						"0.6667": {
							"post": [14.65936, 24.7374, -1.14877],
							"lerp_mode": "catmullrom"
						},
						"0.75": {
							"post": [20.62563, 25.72269, 7.17768],
							"lerp_mode": "catmullrom"
						},
						"0.8333": {
							"post": [14.65936, 24.7374, -1.14877],
							"lerp_mode": "catmullrom"
						},
						"0.9167": {
							"post": [20.62563, 25.72269, 7.17768],
							"lerp_mode": "catmullrom"
						},
						"1.125": {
							"post": [14.65936, 24.7374, -1.14877],
							"lerp_mode": "catmullrom"
						},
						"1.5833": {
							"post": [0, 0, 0],
							"lerp_mode": "catmullrom"
						}
					}
				},
				"bone3": {
					"rotation": {
						"0.0": {
							"post": [0, 0, 0],
							"lerp_mode": "catmullrom"
						},
						"0.2083": {
							"post": [0, 20, 0],
							"lerp_mode": "catmullrom"
						},
						"0.375": {
							"post": [0, 20, 0],
							"lerp_mode": "catmullrom"
						},
						"0.5": {
							"post": [-47.89806, 27.20791, -73.25705],
							"lerp_mode": "catmullrom"
						},
						"0.5833": {
							"post": [-52.17538, 23.86842, -80.95301],
							"lerp_mode": "catmullrom"
						},
						"0.6667": {
							"post": [-47.89806, 27.20791, -73.25705],
							"lerp_mode": "catmullrom"
						},
						"0.75": {
							"post": [-52.17538, 23.86842, -80.95301],
							"lerp_mode": "catmullrom"
						},
						"0.8333": {
							"post": [-47.89806, 27.20791, -73.25705],
							"lerp_mode": "catmullrom"
						},
						"0.9167": {
							"post": [-52.17538, 23.86842, -80.95301],
							"lerp_mode": "catmullrom"
						},
						"1.125": {
							"post": [-47.89806, 27.20791, -73.25705],
							"lerp_mode": "catmullrom"
						},
						"1.5833": {
							"post": [0, 0, 0],
							"lerp_mode": "catmullrom"
						}
					}
				},
				"bone11": {
					"rotation": {
						"0.0": {
							"post": [0, 0, 0],
							"lerp_mode": "catmullrom"
						},
						"0.125": {
							"post": [18.24395, 12.76017, 27.73418],
							"lerp_mode": "catmullrom"
						},
						"0.2083": {
							"post": [14.26898, 25.3114, 18.44588],
							"lerp_mode": "catmullrom"
						},
						"1.125": {
							"post": [14.26898, 25.3114, 18.44588],
							"lerp_mode": "catmullrom"
						},
						"1.4583": {
							"post": [9.65582, 2.72928, 15.79048],
							"lerp_mode": "catmullrom"
						},
						"1.5833": {
							"post": [0, 0, 0],
							"lerp_mode": "catmullrom"
						}
					}
				},
				"bone8": {
					"rotation": {
						"0.0": {
							"post": [0, 0, 0],
							"lerp_mode": "catmullrom"
						},
						"0.125": {
							"post": [2.41106, 9.94702, -7.48836],
							"lerp_mode": "catmullrom"
						},
						"0.2083": {
							"post": [0, 12.5, 0],
							"lerp_mode": "catmullrom"
						},
						"1.125": {
							"post": [0, 12.5, 0],
							"lerp_mode": "catmullrom"
						},
						"1.3333": {
							"post": [3.17625, 4.57811, -7.75305],
							"lerp_mode": "catmullrom"
						},
						"1.5833": {
							"post": [0, 0, 0],
							"lerp_mode": "catmullrom"
						}
					}
				},
				"bone14": {
					"rotation": {
						"0.0": {
							"post": [0, 0, 0],
							"lerp_mode": "catmullrom"
						},
						"0.0833": {
							"post": [4.59107, 5.9212, 10.06798],
							"lerp_mode": "catmullrom"
						},
						"0.2083": {
							"post": [7.5, 17.5, 0],
							"lerp_mode": "catmullrom"
						},
						"1.125": {
							"post": [7.5, 17.5, 0],
							"lerp_mode": "catmullrom"
						},
						"1.375": {
							"post": [5.95121, 6.09962, 15.09982],
							"lerp_mode": "catmullrom"
						},
						"1.5833": {
							"post": [0, 0, 0],
							"lerp_mode": "catmullrom"
						}
					}
				},
				"bone5": {
					"rotation": {
						"0.0": {
							"post": [0, 0, 0],
							"lerp_mode": "catmullrom"
						},
						"0.0833": {
							"post": [-0.21744, 5.1984, -5.00079],
							"lerp_mode": "catmullrom"
						},
						"0.2083": {
							"post": [0, 12.5, 0],
							"lerp_mode": "catmullrom"
						},
						"0.4167": {
							"post": [-2.21616, 17.77855, -12.67705],
							"lerp_mode": "catmullrom"
						},
						"0.5": {
							"post": [-16.57322, 25.75298, -1.97727],
							"lerp_mode": "catmullrom"
						},
						"1.125": {
							"post": [-16.57322, 25.75298, -1.97727],
							"lerp_mode": "catmullrom"
						},
						"1.25": {
							"post": [-9.98456, 11.6973, -11.0628],
							"lerp_mode": "catmullrom"
						},
						"1.5833": {
							"post": [0, 0, 0],
							"lerp_mode": "catmullrom"
						}
					}
				}
			}
		}
	}
}