{
    "sources": [
        {
            "type": "single",
            "resource": "minecraft:genomons/n_lunalizer"
        },
        {
            "type": "single",
            "resource": "minecraft:genomons/n_solarizer"
        },
        {
            "type": "single",
            "resource": "minecraft:genomons/ultranecrozmium_z"
        },
        {
            "type": "single",
            "resource": "minecraft:genomons/rainbow_feather"
        },
        {
            "type": "single",
            "resource": "minecraft:genomons/tidal_bell"
        },
        {
            "type": "single",
            "resource": "minecraft:genomons/synergy_stone"
        },
        {
            "type": "single",
            "resource": "minecraft:genomons/zygarde_cell"
        }
    ]
}