{
  "species": "cobblemon:mawile",
  "order": 1,
  "variations": [
    {
      "aspects": ["mega"],
      "model": "cobblemon:mawile_mega.geo",
      "poser": "cobblemon:mawile_mega",
      "texture": "cobblemon:textures/pokemon/0303_mawile/mawile_mega.png",
      "layers": []
    },
    {
      "aspects": [ "mega", "shiny" ],
      "model": "cobblemon:mawile_mega.geo",
      "poser": "cobblemon:mawile_mega",
      "texture": "cobblemon:textures/pokemon/0303_mawile/mawile_mega_shiny.png"
    }
  ]
}
