{
  "parent": "item/generated",
  "textures": {
      "layer0": "item/feather"
  },
"overrides": 
[
  { "predicate": { "custom_model_data": 150}, "model": "genomons/synergy_stone"},
  { "predicate": { "custom_model_data": 249}, "model": "genomons/tidal_bell"},
  { "predicate": { "custom_model_data": 250}, "model": "genomons/rainbow_feather"},
  { "predicate": { "custom_model_data": 6390001}, "model": "genomons/ultranecrozmium_z"},	
  { "predicate": { "custom_model_data": 6390002}, "model": "genomons/n_solarizer"},	
  { "predicate": { "custom_model_data": 6390003}, "model": "genomons/n_lunalizer"},
  { "predicate": { "custom_model_data": 6390004}, "model": "genomons/zygarde_cell"}
]
}