{
	"format_version": "1.12.0",
	"minecraft:geometry": [
		{
			"description": {
				"identifier": "geometry.heatran",
				"texture_width": 256,
				"texture_height": 256,
				"visible_bounds_width": 8,
				"visible_bounds_height": 3.5,
				"visible_bounds_offset": [0, 1.25, 0]
			},
			"bones": [
				{
					"name": "heatran",
					"pivot": [0, 0, 0]
				},
				{
					"name": "body",
					"parent": "heatran",
					"pivot": [0, 14, 3]
				},
				{
					"name": "left_front_leg",
					"parent": "body",
					"pivot": [12.75, 13, -7.5],
					"cubes": [
						{"origin": [11.5, 10, -10.5], "size": [13, 6, 6], "uv": [168, 153]},
						{"origin": [14.5, 14.5, -9.5], "size": [6, 3, 4], "uv": [216, 0]}
					]
				},
				{
					"name": "left_front_knee",
					"parent": "left_front_leg",
					"pivot": [22.5, 13, -7.5],
					"cubes": [
						{"origin": [22.5, 9, -11.5], "size": [10, 8, 8], "uv": [104, 32]}
					]
				},
				{
					"name": "left_front_knee_2",
					"parent": "left_front_knee",
					"pivot": [30.5, 13, -7.5],
					"cubes": [
						{"origin": [30.5, 8, -12.5], "size": [12, 10, 10], "uv": [158, 165]}
					]
				},
				{
					"name": "left_front_foot",
					"parent": "left_front_knee_2",
					"pivot": [38.5, 13, -7.5],
					"cubes": [
						{"origin": [38.5, 5, -15.5], "size": [13, 16, 16], "inflate": 0.01, "uv": [72, 97]},
						{"origin": [36.5, 20, -14.5], "size": [8, 3, 4], "uv": [130, 97]},
						{"origin": [41.5, 20, -9.5], "size": [6, 3, 4], "uv": [212, 68]},
						{"origin": [36.5, 20, -4.5], "size": [8, 3, 4], "uv": [130, 104]},
						{"origin": [48.5, 15, -16.5], "size": [3, 11, 6], "pivot": [50, 18, -13], "rotation": [22.5, 0, 0], "uv": [164, 201]},
						{"origin": [48.5, 15, -5.5], "size": [3, 11, 6], "pivot": [50, 18, -3], "rotation": [-22.5, 0, 0], "uv": [32, 202]},
						{"origin": [48.5, -2, -5.5], "size": [3, 11, 6], "pivot": [50, 6, -3], "rotation": [22.5, 0, 0], "uv": [202, 165]},
						{"origin": [48.5, -2, -16.5], "size": [3, 11, 6], "pivot": [50, 6, -13], "rotation": [-22.5, 0, 0], "uv": [50, 202]},
						{"origin": [38.5, 4, -16.5], "size": [8, 18, 18], "inflate": 0.02, "uv": [116, 129]}
					]
				},
				{
					"name": "right_front_leg",
					"parent": "body",
					"pivot": [-12.75, 13, -7.5],
					"cubes": [
						{"origin": [-24.5, 10, -10.5], "size": [13, 6, 6], "uv": [118, 186]},
						{"origin": [-20.5, 14.5, -9.5], "size": [6, 3, 4], "uv": [158, 218]}
					]
				},
				{
					"name": "right_front_knee",
					"parent": "right_front_leg",
					"pivot": [-22.5, 13, -7.5],
					"cubes": [
						{"origin": [-32.5, 9, -11.5], "size": [10, 8, 8], "uv": [158, 185]}
					]
				},
				{
					"name": "right_front_knee_2",
					"parent": "right_front_knee",
					"pivot": [-30.5, 13, -7.5],
					"cubes": [
						{"origin": [-42.5, 8, -12.5], "size": [12, 10, 10], "uv": [168, 133]}
					]
				},
				{
					"name": "right_front_foot",
					"parent": "right_front_knee_2",
					"pivot": [-38.5, 13, -7.5],
					"cubes": [
						{"origin": [-51.5, 5, -15.5], "size": [13, 16, 16], "inflate": 0.01, "uv": [0, 107]},
						{"origin": [-44.5, 20, -14.5], "size": [8, 3, 4], "uv": [206, 153]},
						{"origin": [-47.5, 20, -9.5], "size": [6, 3, 4], "uv": [216, 14]},
						{"origin": [-44.5, 20, -4.5], "size": [8, 3, 4], "uv": [208, 61]},
						{"origin": [-51.5, 15, -16.5], "size": [3, 11, 6], "pivot": [-50, 18, -13], "rotation": [22.5, 0, 0], "uv": [200, 207]},
						{"origin": [-51.5, 15, -5.5], "size": [3, 11, 6], "pivot": [-50, 18, -3], "rotation": [-22.5, 0, 0], "uv": [208, 27]},
						{"origin": [-51.5, -2, -5.5], "size": [3, 11, 6], "pivot": [-50, 6, -3], "rotation": [22.5, 0, 0], "uv": [208, 44]},
						{"origin": [-51.5, -2, -16.5], "size": [3, 11, 6], "pivot": [-50, 6, -13], "rotation": [-22.5, 0, 0], "uv": [68, 208]},
						{"origin": [-46.5, 4, -16.5], "size": [8, 18, 18], "inflate": 0.02, "uv": [154, 77]}
					]
				},
				{
					"name": "left_back_leg",
					"parent": "body",
					"pivot": [12.25, 13, 15.5],
					"cubes": [
						{"origin": [13.5, 14.5, 13.5], "size": [6, 3, 4], "uv": [216, 7]},
						{"origin": [10.5, 10, 12.5], "size": [13, 6, 6], "uv": [80, 186]}
					]
				},
				{
					"name": "left_back_knee",
					"parent": "left_back_leg",
					"pivot": [21.5, 13, 15.5],
					"cubes": [
						{"origin": [21.5, 9, 11.5], "size": [10, 8, 8], "uv": [130, 113]}
					]
				},
				{
					"name": "left_back_knee_2",
					"parent": "left_back_knee",
					"pivot": [29.5, 13, 15.5],
					"cubes": [
						{"origin": [29.5, 8, 10.5], "size": [12, 10, 10], "uv": [168, 113]}
					]
				},
				{
					"name": "left_back_foot",
					"parent": "left_back_knee_2",
					"pivot": [37.5, 13, 15.5],
					"cubes": [
						{"origin": [35.5, 18.5, 12.5], "size": [8, 4, 6], "uv": [108, 198]},
						{"origin": [47.5, -2, 18], "size": [3, 11, 6], "pivot": [49, 6, 20.5], "rotation": [22.5, 0, 0], "uv": [0, 205]},
						{"origin": [47.5, -2, 7], "size": [3, 11, 6], "pivot": [49, 6, 10.5], "rotation": [-22.5, 0, 0], "uv": [206, 76]},
						{"origin": [47.5, 15, 18], "size": [3, 11, 6], "pivot": [49, 18, 20.5], "rotation": [-22.5, 0, 0], "uv": [206, 93]},
						{"origin": [47.5, 15, 7], "size": [3, 11, 6], "pivot": [49, 18, 10.5], "rotation": [22.5, 0, 0], "uv": [182, 207]},
						{"origin": [37.5, 5, 7.5], "size": [13, 16, 16], "inflate": 0.01, "uv": [104, 0]},
						{"origin": [36.5, 15.5, 22], "size": [6, 4, 3], "uv": [218, 214]},
						{"origin": [36.5, 15.5, 6], "size": [6, 4, 3], "uv": [18, 219]},
						{"origin": [37.5, 4, 6.5], "size": [8, 18, 18], "inflate": 0.02, "uv": [0, 139]}
					]
				},
				{
					"name": "right_back_leg",
					"parent": "body",
					"pivot": [-12.25, 13, 15.5],
					"cubes": [
						{"origin": [-19.5, 14.5, 13.5], "size": [6, 3, 4], "uv": [218, 207]},
						{"origin": [-23.5, 10, 12.5], "size": [13, 6, 6], "uv": [194, 185]}
					]
				},
				{
					"name": "right_back_knee",
					"parent": "right_back_leg",
					"pivot": [-21.5, 13, 15.5],
					"cubes": [
						{"origin": [-31.5, 9, 11.5], "size": [10, 8, 8], "uv": [44, 186]}
					]
				},
				{
					"name": "right_back_knee_2",
					"parent": "right_back_knee",
					"pivot": [-29.5, 13, 15.5],
					"cubes": [
						{"origin": [-41.5, 8, 10.5], "size": [12, 10, 10], "uv": [0, 175]}
					]
				},
				{
					"name": "right_back_foot",
					"parent": "right_back_knee_2",
					"pivot": [-37.5, 13, 15.5],
					"cubes": [
						{"origin": [-43.5, 18.5, 12.5], "size": [8, 4, 6], "uv": [136, 201]},
						{"origin": [-50.5, -2, 18], "size": [3, 11, 6], "pivot": [-49, 6, 20.5], "rotation": [22.5, 0, 0], "uv": [86, 208]},
						{"origin": [-50.5, -2, 7], "size": [3, 11, 6], "pivot": [-49, 6, 10.5], "rotation": [-22.5, 0, 0], "uv": [104, 208]},
						{"origin": [-50.5, 15, 18], "size": [3, 11, 6], "pivot": [-49, 18, 20.5], "rotation": [-22.5, 0, 0], "uv": [122, 211]},
						{"origin": [-50.5, 15, 7], "size": [3, 11, 6], "pivot": [-49, 18, 10.5], "rotation": [22.5, 0, 0], "uv": [140, 211]},
						{"origin": [-50.5, 5, 7.5], "size": [13, 16, 16], "inflate": 0.01, "uv": [58, 129]},
						{"origin": [-42.5, 15.5, 22], "size": [6, 4, 3], "uv": [220, 160]},
						{"origin": [-42.5, 15.5, 6], "size": [6, 4, 3], "uv": [220, 167]},
						{"origin": [-45.5, 4, 6.5], "size": [8, 18, 18], "inflate": 0.02, "uv": [156, 32]}
					]
				},
				{
					"name": "torso",
					"parent": "body",
					"pivot": [0, 6, 0],
					"cubes": [
						{"origin": [-13.5, 0, -12.5], "size": [27, 24, 25], "uv": [0, 0]},
						{"origin": [10.24645, 18.43934, 4.5], "size": [5, 5, 5], "pivot": [12.74645, 20.93934, 7], "rotation": [0, 0, 55], "uv": [212, 110]},
						{"origin": [-15.24645, 18.43934, 4.5], "size": [5, 5, 5], "pivot": [-12.74645, 20.93934, 7], "rotation": [0, 0, -55], "uv": [212, 120]}
					]
				},
				{
					"name": "torso_2",
					"parent": "torso",
					"pivot": [0, 12, 12.5],
					"cubes": [
						{"origin": [-12.5, 3.52547, 7.22376], "size": [25, 22, 16], "pivot": [-0.5, 15.02547, 18.72376], "rotation": [22.5, 0, 0], "uv": [0, 49]}
					]
				},
				{
					"name": "torso_3",
					"parent": "torso_2",
					"pivot": [0, 16, 23],
					"cubes": [
						{"origin": [-8.5, 12.88639, 15.78207], "size": [17, 17, 10], "pivot": [-0.5, 22.38639, 27.28207], "rotation": [45, 0, 0], "uv": [162, 0]}
					]
				},
				{
					"name": "tail",
					"parent": "torso_3",
					"pivot": [0, 20, 27],
					"cubes": [
						{"origin": [-6, 16.8006, 21.81761], "size": [12, 11, 10], "pivot": [-0.5, 21.8006, 27.81761], "rotation": [67.5, 0, 0], "uv": [114, 165]}
					]
				},
				{
					"name": "head",
					"parent": "torso",
					"pivot": [0, 13, -12.5],
					"cubes": [
						{"origin": [-11.01, 10.58535, -24.20795], "size": [22, 13, 15], "uv": [82, 49]},
						{"origin": [-7.51, 16.29345, -25.63704], "size": [15, 9, 16], "pivot": [-0.01, 18.1224, -20.20753], "rotation": [35, 0, 0], "uv": [52, 161]},
						{"origin": [-3.51, 25.29345, -22.63704], "size": [7, 1, 9], "pivot": [-0.01, 18.1224, -20.20753], "rotation": [35, 0, 0], "uv": [0, 195]},
						{"origin": [-13.51, 23.29345, -23.63704], "size": [6, 2, 8], "pivot": [-1.01, 18.1224, -20.20753], "rotation": [35, 0, 0], "uv": [194, 197]},
						{"origin": [-16.51, 23.29345, -23.63704], "size": [3, 2, 7], "pivot": [-1.01, 18.1224, -20.20753], "rotation": [35, 0, 0], "uv": [212, 130]},
						{"origin": [13.49, 23.29345, -23.63704], "size": [3, 2, 7], "pivot": [0.99, 18.1224, -20.20753], "rotation": [35, 0, 0], "uv": [212, 139]},
						{"origin": [7.49, 23.29345, -23.63704], "size": [6, 2, 8], "pivot": [0.99, 18.1224, -20.20753], "rotation": [35, 0, 0], "uv": [80, 198]},
						{"origin": [-5.51, 19.29345, -28.63704], "size": [11, 5, 3], "pivot": [-0.01, 18.1224, -20.20753], "rotation": [35, 0, 0], "uv": [156, 68]},
						{"origin": [-5.51, 19.29345, -9.63704], "size": [11, 5, 3], "pivot": [-0.01, 18.1224, -20.20753], "rotation": [35, 0, 0], "uv": [184, 68]}
					]
				},
				{
					"name": "left_eye",
					"parent": "head",
					"pivot": [8.04, 17.03535, -23.97295],
					"cubes": [
						{"origin": [5, 14.08535, -24.21795], "size": [6, 4, 1], "pivot": [8.04, 17.03535, -23.97295], "rotation": [0, 0, -10], "uv": [58, 123]},
						{"origin": [9.19, 15.48535, -24.22795], "size": [1, 2, 0], "pivot": [7.74, 18.03535, -23.97295], "rotation": [0, 0, -10], "uv": [80, 87]},
						{"origin": [6.99, 15.08535, -24.22795], "size": [2, 3, 0], "pivot": [8.04, 17.03535, -23.97295], "rotation": [0, 0, -10], "uv": [72, 87]},
						{"origin": [5.59, 14.48535, -24.22795], "size": [1, 1, 0], "pivot": [8.04, 16.03535, -23.97295], "rotation": [0, 0, -10], "uv": [72, 90]},
						{"origin": [5.01, 17.58535, -24.23795], "size": [6, 2, 1], "pivot": [8.04, 17.03535, -23.97295], "rotation": [0, 0, -10], "uv": [176, 27]}
					]
				},
				{
					"name": "left_eyelid",
					"parent": "left_eye",
					"pivot": [7.16557, 16.09283, -22.71795],
					"cubes": [
						{"origin": [4, 14.08535, -23.71795], "size": [6, 4, 2], "inflate": 0.01, "pivot": [7.04, 17.03535, -22.47295], "rotation": [0, 0, -10], "uv": [140, 41]}
					]
				},
				{
					"name": "right_eye",
					"parent": "head",
					"pivot": [-8.04, 17.03535, -23.97295],
					"cubes": [
						{"origin": [-11, 14.08535, -24.21795], "size": [6, 4, 1], "pivot": [-8.04, 17.03535, -23.97295], "rotation": [0, 0, 10], "uv": [162, 27]},
						{"origin": [-10.19, 15.48535, -24.22795], "size": [1, 2, 0], "pivot": [-7.74, 18.03535, -23.97295], "rotation": [0, 0, 10], "uv": [80, 89]},
						{"origin": [-8.99, 15.08535, -24.22795], "size": [2, 3, 0], "pivot": [-8.04, 17.03535, -23.97295], "rotation": [0, 0, 10], "uv": [76, 87]},
						{"origin": [-6.59, 14.48535, -24.22795], "size": [1, 1, 0], "pivot": [-8.04, 16.03535, -23.97295], "rotation": [0, 0, 10], "uv": [74, 90]},
						{"origin": [-11.01, 17.58535, -24.23795], "size": [6, 2, 1], "pivot": [-8.04, 17.03535, -23.97295], "rotation": [0, 0, 10], "uv": [190, 27]}
					]
				},
				{
					"name": "right_eyelid",
					"parent": "right_eye",
					"pivot": [-7.16557, 16.09283, -22.71795],
					"cubes": [
						{"origin": [-10, 14.08535, -23.71795], "size": [6, 4, 2], "inflate": 0.01, "pivot": [-7.04, 17.03535, -22.47295], "rotation": [0, 0, 10], "uv": [216, 21]}
					]
				},
				{
					"name": "jaw",
					"parent": "head",
					"pivot": [0, 7, -13],
					"cubes": [
						{"origin": [9.49, 8.08535, -17.70795], "size": [3, 5, 3], "inflate": 0.01, "uv": [58, 107]},
						{"origin": [-12.01, 2.58535, -24.20795], "size": [24, 8, 12], "uv": [82, 77]},
						{"origin": [8.19, 8.08535, -25.00795], "size": [4, 5, 4], "inflate": 0.01, "pivot": [10.69, 10.58535, -23.50795], "rotation": [0, 35, 0], "uv": [140, 32]},
						{"origin": [-12.01, 2.23312, -21.42332], "size": [24, 8, 12], "inflate": -0.01, "pivot": [-0.01, 15.1224, -21.20753], "rotation": [-12.5, 0, 0], "uv": [0, 87]},
						{"origin": [1.99, 7.58535, -25.20795], "size": [4, 5, 2], "uv": [32, 195]},
						{"origin": [-6.01, 7.58535, -25.20795], "size": [4, 5, 2], "uv": [18, 205]},
						{"origin": [-12.19, 8.08535, -25.00795], "size": [4, 5, 4], "inflate": 0.01, "pivot": [-10.69, 10.58535, -23.50795], "rotation": [0, -35, 0], "uv": [36, 219]},
						{"origin": [-12.49, 8.08535, -17.70795], "size": [3, 5, 3], "inflate": 0.01, "uv": [58, 115]}
					]
				}
			]
		}
	]
}