{
    "species": "cobblemon:rockruff",
    "order": 0,
    "variations": [
      {
        "aspects": [],
        "poser": "cobblemon:rockruff",
        "model": "cobblemon:rockruff.geo",
        "texture": "cobblemon:textures/pokemon/rockruff/rockruff.png",
        "layers": []
      },
      {
        "aspects": [
          "shiny"
        ],
        "texture": "cobblemon:textures/pokemon/rockruff/rockruff_shiny.png"
      },
      {
        "aspects": ["owntempo"],
        "model": "cobblemon:rockruff_owntempo.geo",
        "layers": []
      },
      {
        "aspects": ["shiny","owntempo"],
        "model": "cobblemon:rockruff_owntempo.geo",
        "layers": []
      }
    ]
  }
  