{
  "species": "cobblemon:scizor",
  "order": 2,
  "variations": [
    {
      "aspects": ["mega"],
      "poser": "cobblemon:scizor_mega",
      "model": "cobblemon:scizor_mega.geo",
      "texture": "cobblemon:textures/pokemon/0212_scizor/scizor_mega.png",
      "layers": [
      ]
    },
    {
      "aspects": ["mega", "shiny"],
      "poser": "cobblemon:scizor_mega",
      "model": "cobblemon:scizor_mega.geo",
      "texture": "cobblemon:textures/pokemon/0212_scizor/scizor_mega_shiny.png",
      "layers": [
      ]
    }
  ]
}
