{
  "species": "cobblemon:pidgeot",
  "order": 1,
  "variations": [
    {
      "aspects": ["mega"],
      "poser": "cobblemon:pidgeot_mega",
      "model": "cobblemon:pidgeot_mega.geo",
      "texture": "cobblemon:textures/pokemon/0018_pidgeot/pidgeot_mega.png",
      "layers": []
    },
    {
      "aspects": [ "mega", "shiny" ],
      "poser": "cobblemon:pidgeot_mega",
      "model": "cobblemon:pidgeot_mega.geo",
      "texture": "cobblemon:textures/pokemon/0018_pidgeot/pidgeot_mega_shiny.png"
    }
  ]
}