{
  "name": "Lycanroc",
  "nationalPokedexNumber": 745,
  "primaryType": "rock",
  "abilities": [
    "keeneye",
    "sandrush",
    "h:steadfast"
  ],
  "baseStats": {
    "hp": 75,
    "attack": 115,
    "defence": 65,
    "special_attack": 55,
    "special_defence": 65,
    "speed": 112
  },
  "baseScale": 0.9,
  "hitbox": {
      "width": 1.25,
      "height": 1.5,
      "fixed": false
  },
  "behaviour": {
        "resting": {
            "canSleep": true,
            "depth": "normal",
            "light": "0-4",
            "willSleepOnBed": false
        },
        "moving": {
            "walk": {
                "walkSpeed": 0.25,
                "canWalk": true
            },
            "swim": {
                "swimSpeed": 0.1,
                "canSwimInWater": false,
                "canBreatheUnderwater": false
            }
        }
    },
  "catchRate": 90,
  "maleRatio": 0.5,
  "shoulderMountable": false,
  "baseExperienceYield": 170,
  "baseFriendship": 50,
  "evYield": {
    "hp": 0,
    "attack": 2,
    "defence": 0,
    "special_attack": 0,
    "special_defence": 0,
    "speed": 0
  },
  "experienceGroup": "medium_fast",
  "eggCycles": 15,
  "eggGroups": [
    "field"
  ],
  "moves": [
    "1:accelerock",
    "1:doubleteam",
    "1:leer",
    "1:quickattack",
    "1:quickguard",
    "1:sandattack",
    "1:tackle",
    "12:rockthrow",
    "16:howl",
    "18:odorsleuth",
    "20:bite",
    "24:rocktomb",
    "30:roar",
    "36:rockslide",
    "42:crunch",
    "45:rockclimb",
    "48:scaryface",
    "54:stealthrock",
    "60:stoneedge",
    "tm:agility",
    "tm:assurance",
    "tm:attract",
    "tm:bodyslam",
    "tm:brickbreak",
    "tm:bulkup",
    "tm:bulldoze",
    "tm:charm",
    "tm:closecombat",
    "tm:confide",
    "tm:crunch",
    "tm:dig",
    "tm:doubleedge",
    "tm:doubleteam",
    "tm:drillrun",
    "tm:earthpower",
    "tm:echoedvoice",
    "tm:endeavor",
    "tm:endure",
    "tm:facade",
    "tm:firefang",
    "tm:frustration",
    "tm:gigaimpact",
    "tm:helpinghand",
    "tm:hiddenpower",
    "tm:hypervoice",
    "tm:irondefense",
    "tm:ironhead",
    "tm:irontail",
    "tm:mudslap",
    "tm:playrough",
    "tm:protect",
    "tm:psychicfangs",
    "tm:rest",
    "tm:return",
    "tm:roar",
    "tm:rockblast",
    "tm:rockpolish",
    "tm:rockslide",
    "tm:rocktomb",
    "tm:round",
    "tm:sandstorm",
    "tm:scaryface",
    "tm:sleeptalk",
    "tm:snarl",
    "tm:snore",
    "tm:stealthrock",
    "tm:stompingtantrum",
    "tm:stoneedge",
    "tm:substitute",
    "tm:sunnyday",
    "tm:swagger",
    "tm:swift",
    "tm:swordsdance",
    "tm:tailslap",
    "tm:takedown",
    "tm:taunt",
    "tm:terablast",
    "tm:thunderfang",
    "tm:toxic",
    "tm:trailblaze",
    "tm:zenheadbutt",
    "tutor:covet",
    "tutor:drillrun",
    "tutor:earthpower",
    "tutor:endeavor",
    "tutor:hypervoice",
    "tutor:irondefense",
    "tutor:ironhead",
    "tutor:irontail",
    "tutor:lastresort",
    "tutor:snore",
    "tutor:stealthrock",
    "tutor:stompingtantrum",
    "tutor:zenheadbutt"
  ],
  "labels": [
    "gen7"
  ],
  "pokedex": [
    "cobblemon.species.lycanroc.desc"
  ],
  "height": 8,
  "weight": 250,
  "preEvolution": "rockruff",
  "evolutions": [],
  "forms": [
    {
      "name": "Midnight",
      "primaryType": "rock",
      "abilities": [
        "keeneye",
        "vitalspirit",
        "h:noguard"
      ],
      "baseStats": {
        "hp": 85,
        "attack": 115,
        "defence": 75,
        "special_attack": 55,
        "special_defence": 75,
        "speed": 82
      },
      "baseScale": 0.9,
      "hitbox": {
        "width": 1.0,
        "height": 2.5,
        "fixed": false
      },
      "behaviour": {
        "resting": {
            "canSleep": true,
            "depth": "normal",
            "light": "8-15",
            "willSleepOnBed": false
        },
        "moving": {
            "walk": {
                "walkSpeed": 0.25,
                "canWalk": true
            },
            "swim": {
                "swimSpeed": 0.1,
                "canSwimInWater": false,
                "canBreatheUnderwater": false
            }
        }
    },
      "catchRate": 90,
      "maleRatio": 0.5,
      "baseExperienceYield": 170,
      "baseFriendship": 50,
      "evYield": {
        "hp": 0,
        "attack": 2,
        "defence": 0,
        "special_attack": 0,
        "special_defence": 0,
        "speed": 0
      },
      "experienceGroup": "medium_fast",
      "eggCycles": 15,
      "eggGroups": [
        "field"
      ],
      "moves": [
        "1:counter",
        "1:doubleteam",
        "1:endure",
        "1:leer",
        "1:reversal",
        "1:sandattack",
        "1:tackle",
        "1:taunt",
        "12:rockthrow",
        "16:howl",
        "18:odorsleuth",
        "20:bite",
        "24:rocktomb",
        "30:roar",
        "36:rockslide",
        "42:crunch",
        "45:rockclimb",
        "48:scaryface",
        "54:stealthrock",
        "60:stoneedge",
        "tm:attract",
        "tm:bodyslam",
        "tm:brickbreak",
        "tm:bulkup",
        "tm:bulldoze",
        "tm:charm",
        "tm:closecombat",
        "tm:confide",
        "tm:crunch",
        "tm:dig",
        "tm:doubleedge",
        "tm:doubleteam",
        "tm:earthpower",
        "tm:echoedvoice",
        "tm:endeavor",
        "tm:endure",
        "tm:facade",
        "tm:firefang",
        "tm:firepunch",
        "tm:fling",
        "tm:focuspunch",
        "tm:foulplay",
        "tm:frustration",
        "tm:gigaimpact",
        "tm:helpinghand",
        "tm:hiddenpower",
        "tm:hypervoice",
        "tm:irondefense",
        "tm:ironhead",
        "tm:irontail",
        "tm:knockoff",
        "tm:lashout",
        "tm:lowsweep",
        "tm:megakick",
        "tm:megapunch",
        "tm:mudslap",
        "tm:outrage",
        "tm:payback",
        "tm:playrough",
        "tm:protect",
        "tm:psychicfangs",
        "tm:rest",
        "tm:return",
        "tm:revenge",
        "tm:reversal",
        "tm:roar",
        "tm:rockblast",
        "tm:rockpolish",
        "tm:rockslide",
        "tm:rocktomb",
        "tm:round",
        "tm:sandstorm",
        "tm:scaryface",
        "tm:shadowclaw",
        "tm:sleeptalk",
        "tm:snarl",
        "tm:snore",
        "tm:stealthrock",
        "tm:stompingtantrum",
        "tm:stoneedge",
        "tm:substitute",
        "tm:sunnyday",
        "tm:swagger",
        "tm:swordsdance",
        "tm:takedown",
        "tm:taunt",
        "tm:terablast",
        "tm:throatchop",
        "tm:thunderfang",
        "tm:thunderpunch",
        "tm:toxic",
        "tm:trailblaze",
        "tm:upperhand",
        "tm:uproar",
        "tm:zenheadbutt",
        "tutor:covet",
        "tutor:dualchop",
        "tutor:earthpower",
        "tutor:endeavor",
        "tutor:firefang",
        "tutor:firepunch",
        "tutor:focuspunch",
        "tutor:foulplay",
        "tutor:hypervoice",
        "tutor:irondefense",
        "tutor:ironhead",
        "tutor:irontail",
        "tutor:laserfocus",
        "tutor:lashout",
        "tutor:lastresort",
        "tutor:outrage",
        "tutor:snore",
        "tutor:stealthrock",
        "tutor:stompingtantrum",
        "tutor:stoneedge",
        "tutor:suckerpunch",
        "tutor:swordsdance",
        "tutor:throatchop",
        "tutor:thunderpunch",
        "tutor:uproar",
        "tutor:zenheadbutt"
      ],
      "labels": [
        "gen7"
      ],
      "aspects": [
        "time-evolution-midnight"
      ],
      "height": 11,
      "weight": 250,
      "preEvolution": "rockruff",
      "cannotDynamax": false,
      "battleOnly": false
    },
    {
      "name": "Dusk",
      "primaryType": "rock",
      "abilities": [
        "toughclaws"
      ],
      "baseStats": {
        "hp": 75,
        "attack": 117,
        "defence": 65,
        "special_attack": 55,
        "special_defence": 65,
        "speed": 110
      },
      "catchRate": 90,
      "maleRatio": 0.5,
      "baseExperienceYield": 170,
      "baseFriendship": 50,
      "evYield": {
        "hp": 0,
        "attack": 2,
        "defence": 0,
        "special_attack": 0,
        "special_defence": 0,
        "speed": 0
      },
      "experienceGroup": "medium_fast",
      "eggCycles": 15,
      "eggGroups": [
        "field"
      ],
      "moves": [
        "1:accelerock",
        "1:counter",
        "1:doubleteam",
        "1:endure",
        "1:leer",
        "1:quickattack",
        "1:quickguard",
        "1:reversal",
        "1:sandattack",
        "1:suckerpunch",
        "1:tackle",
        "1:taunt",
        "1:thrash",
        "12:rockthrow",
        "16:howl",
        "18:odorsleuth",
        "20:bite",
        "24:rocktomb",
        "30:roar",
        "36:rockslide",
        "42:crunch",
        "45:rockclimb",
        "48:scaryface",
        "54:stealthrock",
        "60:stoneedge",
        "tm:attract",
        "tm:bodyslam",
        "tm:brickbreak",
        "tm:bulkup",
        "tm:bulldoze",
        "tm:charm",
        "tm:closecombat",
        "tm:confide",
        "tm:crunch",
        "tm:dig",
        "tm:doubleedge",
        "tm:doubleteam",
        "tm:drillrun",
        "tm:earthpower",
        "tm:echoedvoice",
        "tm:endeavor",
        "tm:endure",
        "tm:facade",
        "tm:firefang",
        "tm:focusenergy",
        "tm:frustration",
        "tm:gigaimpact",
        "tm:helpinghand",
        "tm:hiddenpower",
        "tm:hypervoice",
        "tm:irondefense",
        "tm:ironhead",
        "tm:irontail",
        "tm:mudslap",
        "tm:outrage",
        "tm:playrough",
        "tm:protect",
        "tm:psychicfangs",
        "tm:rest",
        "tm:return",
        "tm:reversal",
        "tm:roar",
        "tm:rockblast",
        "tm:rockpolish",
        "tm:rockslide",
        "tm:rocktomb",
        "tm:round",
        "tm:sandstorm",
        "tm:scaryface",
        "tm:sleeptalk",
        "tm:snarl",
        "tm:snore",
        "tm:stealthrock",
        "tm:stompingtantrum",
        "tm:stoneedge",
        "tm:substitute",
        "tm:swagger",
        "tm:swordsdance",
        "tm:tailslap",
        "tm:takedown",
        "tm:taunt",
        "tm:terablast",
        "tm:throatchop",
        "tm:thunderfang",
        "tm:toxic",
        "tm:trailblaze",
        "tm:workup",
        "tm:zenheadbutt",
        "tutor:covet",
        "tutor:drillrun",
        "tutor:earthpower",
        "tutor:endeavor",
        "tutor:hypervoice",
        "tutor:irondefense",
        "tutor:ironhead",
        "tutor:irontail",
        "tutor:lastresort",
        "tutor:outrage",
        "tutor:snore",
        "tutor:stealthrock",
        "tutor:stompingtantrum",
        "tutor:zenheadbutt"
      ],
      "labels": [
        "gen7"
      ],
      "aspects": [
        "time-evolution-dusk"
      ],
      "height": 8,
      "weight": 250,
      "preEvolution": "rockruff",
      "cannotDynamax": false,
      "battleOnly": false
    }
  ],
  "aspects": [
    "time-evolution-midday"
  ],
  "cannotDynamax": false,
  "drops": {
    "amount": 6,
    "entries": [
      {
        "item": "minecraft:bone",
        "quantityRange": "0-2"
      },
      {
        "item": "minecraft:rotten_flesh",
        "quantityRange": "0-2"
      },
      {
        "item": "cobblemon:hard_stone",
        "percentage": 5.0
      },
      {
        "item": "cobblemon:babiri_berry",
        "percentage": 5.0
      }
    ]
  }
}
