{
	"format_version": "1.8.0",
	"animations": {
		"animation.meloetta.air_idle": {
			"loop": true,
			"bones": {
				"body": {
					"position": [0, 2, 0]
				},
				"head": {
					"rotation": [2, 0, 0]
				},
				"right": {
					"rotation": [0, 0, 11]
				},
				"left": {
					"rotation": [0, 0, -11]
				},
				"leg_r": {
					"rotation": [-4.99318, 0.26135, 2.9886]
				},
				"leg_l": {
					"rotation": [-1.99726, -0.10465, -2.99818]
				},
				"leg_l_down": {
					"rotation": [30, 0, 0],
					"position": [0, 0.25, -0.065]
				},
				"leg_r_down": {
					"rotation": [56, 0, 0],
					"position": [0, 0.41, -0.22]
				}
			}
		},
		"animation.meloetta.air_walk": {
			"loop": true,
			"bones": {
				"body": {
					"position": [0, 2, 0]
				},
				"head": {
					"rotation": [4, 0, 0]
				},
				"hips": {
					"rotation": [13, 0, 0]
				},
				"hands": {
					"rotation": [17, 0, 0],
					"position": [0, 0.5, 3.2]
				},
				"right": {
					"rotation": [0, 0, 4]
				},
				"left": {
					"rotation": [0, 0, -4]
				},
				"legs": {
					"rotation": [25, 0, 0],
					"position": [0, 0, 3.9]
				},
				"leg_r_down": {
					"rotation": [28, 0, 0],
					"position": [0, 0.234, -0.06]
				},
				"leg_l_down": {
					"rotation": [47, 0, 0],
					"position": [0, 0.367, -0.16]
				}
			}
		},
		"animation.meloetta.ground_idle": {
			"loop": true,
			"bones": {
				"leg_r": {
					"rotation": [0, 0, 2.5]
				},
				"leg_l": {
					"rotation": [0, 0, -2.5]
				}
			}
		},
		"animation.meloetta.ground_walk": {
			"loop": true,
			"animation_length": 1.3333,
			"bones": {
				"meloetta": {
					"position": {
						"0.0": {
							"post": [0, 0.1, 0],
							"lerp_mode": "catmullrom"
						},
						"0.3333": {
							"post": [0, 0, 0],
							"lerp_mode": "catmullrom"
						},
						"0.6667": {
							"post": [0, 0.1, 0],
							"lerp_mode": "catmullrom"
						},
						"1.0": {
							"post": [0, 0, 0],
							"lerp_mode": "catmullrom"
						},
						"1.3333": {
							"post": [0, 0.1, 0],
							"lerp_mode": "catmullrom"
						}
					}
				},
				"head": {
					"rotation": {
						"0.0": {
							"post": [0, 0, 2.5],
							"lerp_mode": "catmullrom"
						},
						"0.6667": {
							"post": [0, 0, -2.5],
							"lerp_mode": "catmullrom"
						},
						"1.3333": {
							"post": [0, 0, 2.5],
							"lerp_mode": "catmullrom"
						}
					}
				},
				"right": {
					"rotation": {
						"0.0": {
							"post": [-7.5, 0, 0],
							"lerp_mode": "catmullrom"
						},
						"0.3333": {
							"post": [0, 0, 0],
							"lerp_mode": "catmullrom"
						},
						"0.6667": {
							"post": [7.5, 0, 0],
							"lerp_mode": "catmullrom"
						},
						"1.0": {
							"post": [0, 0, 0],
							"lerp_mode": "catmullrom"
						},
						"1.3333": {
							"post": [-7.5, 0, 0],
							"lerp_mode": "catmullrom"
						}
					}
				},
				"left": {
					"rotation": {
						"0.0": {
							"post": [7.5, 0, 0],
							"lerp_mode": "catmullrom"
						},
						"0.3333": {
							"post": [0, 0, 0],
							"lerp_mode": "catmullrom"
						},
						"0.6667": {
							"post": [-7.5, 0, 0],
							"lerp_mode": "catmullrom"
						},
						"1.0": {
							"post": [0, 0, 0],
							"lerp_mode": "catmullrom"
						},
						"1.3333": {
							"post": [7.5, 0, 0],
							"lerp_mode": "catmullrom"
						}
					}
				},
				"leg_r": {
					"rotation": {
						"0.0": {
							"post": [10, 0, 2.5],
							"lerp_mode": "catmullrom"
						},
						"0.3333": {
							"post": [0, 0, 2.5],
							"lerp_mode": "catmullrom"
						},
						"0.6667": {
							"post": [-10, 0, 2.5],
							"lerp_mode": "catmullrom"
						},
						"1.0": {
							"post": [0, 0, 2.5],
							"lerp_mode": "catmullrom"
						},
						"1.3333": {
							"post": [10, 0, 2.5],
							"lerp_mode": "catmullrom"
						}
					}
				},
				"leg_l": {
					"rotation": {
						"0.0": {
							"post": [-10, 0, -2.5],
							"lerp_mode": "catmullrom"
						},
						"0.3333": {
							"post": [0, 0, -2.5],
							"lerp_mode": "catmullrom"
						},
						"0.6667": {
							"post": [10, 0, -2.5],
							"lerp_mode": "catmullrom"
						},
						"1.0": {
							"post": [0, 0, -2.5],
							"lerp_mode": "catmullrom"
						},
						"1.3333": {
							"post": [-10, 0, -2.5],
							"lerp_mode": "catmullrom"
						}
					}
				}
			}
		},
		"animation.meloetta.blink": {
			"animation_length": 0.1667,
			"bones": {
				"open_eyes": {
					"position": [0, 0, 1]
				},
				"closed_eyes": {
					"position": [0, 0, -0.2]
				}
			}
		},
		"animation.meloetta.cry": {
			"animation_length": 2.25,
			"bones": {
				"head": {
					"rotation": {
						"0.25": [0, 0, 0],
						"0.4583": [-7.5, 0, 0],
						"1.75": [-7.5, 0, 0],
						"1.875": [0, 0, 0]
					}
				},
				"open_eyes": {
					"position": {
						"0.0": [0, 0, 0],
						"0.4167": [0, 0, 0],
						"0.4583": [0, 0, 1],
						"1.9583": [0, 0, 0]
					}
				},
				"closed_eyes": {
					"position": {
						"0.0": [0, 0, 0],
						"0.4583": [0, 0, -0.1],
						"1.9167": [0, 0, -0.13],
						"1.9583": [0, 0, 0.9]
					}
				},
				"closed": {
					"position": {
						"0.4167": [0, 0, 0],
						"0.4583": [0, 0, 1],
						"1.9583": [0, 0, 0]
					}
				},
				"open": {
					"position": {
						"0.0": [0, 0, 0],
						"0.4583": [0, 0, -1],
						"1.9167": [0, 0, -1.03],
						"1.9583": [0, 0, 0]
					}
				}
			},
			"sound_effects": {
				"0.4583": {
					"effect": "pokemon.meloetta.cry"
				}
			}
		}
	}
}