{
	"format_version": "1.8.0",
	"animations": {
		"animation.latios.air_idle": {
			"loop": true,
			"bones": {
				"head": {
					"position": [0, 3.3, 0.8]
				},
				"torso": {
					"rotation": [-7.5, 0, 0],
					"position": [0, 2.1, 1.1]
				},
				"hips": {
					"rotation": [-10, 0, 0]
				},
				"wings": {
					"rotation": [-2.5, 0, 0],
					"position": [0, 1, 0]
				},
				"arm_l": {
					"rotation": [0, -20, 0]
				},
				"arm_r": {
					"rotation": [0, 20, 0],
					"position": [0, 0, 0]
				},
				"right": {
					"rotation": [20, 0, 0],
					"position": [-1, 0, -2]
				},
				"left": {
					"rotation": [20, 0, 0],
					"position": [1, 0, -2]
				},
				"foots": {
					"rotation": [-7.5, 0, 0],
					"position": [0, 0, -0.1]
				}
			}
		},
		"animation.latios.air_walk": {
			"loop": true,
			"bones": {
				"head": {
					"position": [0, 0.4, 0.2]
				},
				"torso": {
					"position": [0, 0.4, 0.2]
				},
				"hips": {
					"rotation": [-2.5, 0, 0]
				},
				"wings": {
					"rotation": [4.86015, 1.17432, 0.1064]
				},
				"arm_l": {
					"rotation": [0, 0, -70],
					"position": [1, 0, 0]
				},
				"arm_r": {
					"rotation": [0, 0, 70],
					"position": [-1, 0, 0]
				},
				"right": {
					"rotation": [51, 11, 13],
					"position": [-3.5, -4, 0]
				},
				"left": {
					"rotation": [51, -11, -13],
					"position": [3.5, -4, 0]
				}
			}
		},
		"animation.latios.blink": {
			"animation_length": 0.1667,
			"bones": {
				"eyes": {
					"scale": [1, 1, 0]
				}
			}
		},
		"animation.latios.cry": {
			"animation_length": 2.1667,
			"bones": {
				"head": {
					"rotation": {
						"0.0": [0, 0, 0],
						"0.375": [-12.5, 0, 0],
						"1.4167": [-12.5, 0, 0],
						"1.625": [0, 0, 0]
					}
				},
				"eyes": {
					"scale": {
						"0.3333": [1, 1, 1],
						"0.5": [0.9, 1, 1.1429],
						"1.5": [1, 1, 1]
					}
				},
				"mouth": {
					"position": {
						"0.0": [0, 0, 0],
						"0.3333": [0, -1, 0],
						"1.5": [0, -1, 0],
						"1.625": [0, 0, 0]
					}
				}
			},
			"sound_effects": {
				"0.3333": {
					"effect": "pokemon.latios.cry"
				}
			}
		},
		"animation.latios.water_idle": {
			"loop": true,
			"bones": {
				"head": {
					"position": [0, 3.3, 0.8]
				},
				"torso": {
					"rotation": [-7.5, 0, 0],
					"position": [0, 2.1, 1.1]
				},
				"hips": {
					"rotation": [-10, 0, 0]
				},
				"wings": {
					"rotation": [-2.5, 0, 0],
					"position": [0, 1, 0]
				},
				"arm_l": {
					"rotation": [0, -20, 0],
					"position": [5, 0, 0]
				},
				"arm_r": {
					"rotation": [0, 20, 0],
					"position": [-5, 0, 0]
				},
				"right": {
					"rotation": [-12.5, 0, 0],
					"position": [-5, 0, 2]
				},
				"left": {
					"rotation": [-12.5, 0, 0],
					"position": [5, 0, 2]
				},
				"foots": {
					"rotation": [-7.5, 0, 0],
					"position": [0, 0, -0.1]
				},
				"right_ha": {
					"position": [-3, 0, 0]
				},
				"left_ha": {
					"position": [3, 0, 0]
				}
			}
		},
		"animation.latios.water_swim": {
			"loop": true,
			"bones": {
				"head": {
					"position": [0, 0.4, 0.2]
				},
				"torso": {
					"position": [0, 0.4, 0.2]
				},
				"hips": {
					"rotation": [-2.5, 0, 0]
				},
				"wings": {
					"rotation": [4.86015, 1.17432, 0.1064]
				},
				"arm_l": {
					"position": [5, 0, 0]
				},
				"arm_r": {
					"position": [-5, 0, 0]
				},
				"right": {
					"rotation": [-2.5, 0, 0],
					"position": [-5, 0, 2]
				},
				"left": {
					"rotation": [-2.5, 0, 0],
					"position": [5, 0, 2]
				},
				"right_ha": {
					"position": [-4, 0, 0]
				},
				"left_ha": {
					"position": [4, 0, 0]
				}
			}
		}
	}
}