{
  "portraitScale": 1.94,
  "portraitTranslation": [ -0.59, 1.44, 0 ],
  "profileScale": 0.58,
  "profileTranslation": [ -0.09, 0.84, 0 ],
  "animations": {},
  "poses": { 
    "battle-standing": {
      "poseTypes": ["STAND"],
      "isBattle": true,
      "animations": [
        "q.bedrock('toxicroak', 'ground_idle')"
      ]
    },
    "standing": {
      "poseTypes": ["STAND", "NONE", "PORTRAIT", "FLOAT", "PROFILE"],
      "isBattle": false,
      "animations": [
        "q.bedrock('toxicroak', 'ground_idle')"
      ]
    },
    "walking": {
      "poseTypes": ["WALK", "SWIM"],
      "animations": [
        "q.bedrock('toxicroak', 'ground_idle')"
      ]
    }
  }
}