{
	"format_version": "1.8.0",
	"animations": {
		"animation.druddigon.test": {
			"loop": true,
			"bones": {
				"torso": {
					"rotation": [10, 0, 0]
				},
				"bone4": {
					"rotation": [10, 0, 0]
				},
				"jaw": {
					"rotation": [10, 0, 0]
				},
				"leg_left": {
					"rotation": [4.80383, -38.47233, -1.20902]
				},
				"bone10": {
					"rotation": [-4.98436, 0.75155, 2.38443]
				},
				"tail": {
					"rotation": [10, 0, 0]
				},
				"bone18": {
					"rotation": [7.29557, 30.57768, 10.68159]
				},
				"bone19": {
					"rotation": [0, 17.5, 0]
				},
				"bone20": {
					"rotation": [0, 10, 0]
				},
				"arm_left": {
					"rotation": [-8.20534, 31.16551, 24.49871]
				},
				"bone25": {
					"rotation": [-41.2434, 56.98175, -21.3751]
				},
				"leg_right": {
					"rotation": [0.58149, 19.94165, 4.51543]
				},
				"bone14": {
					"rotation": [0, 0, -5]
				},
				"bone21": {
					"rotation": [5.0088, -33.86414, -10.14253]
				},
				"bone22": {
					"rotation": [0, -17.5, 0]
				},
				"bone23": {
					"rotation": [0, -10, 0]
				},
				"bone26": {
					"rotation": [0, 0, 30]
				},
				"bone29": {
					"rotation": [25.44068, -2.75516, 25.56622]
				},
				"bone28": {
					"rotation": [-2.72535, 2.55948, 18.69768]
				},
				"bone27": {
					"rotation": [0, 0, 20]
				},
				"bone30": {
					"rotation": [0, 0, 30]
				},
				"bone31": {
					"rotation": [0, 0, 37.5]
				},
				"bone8": {
					"rotation": [0, 0, 30]
				},
				"arm_right": {
					"rotation": [-19.757, -18.51118, -18.60644]
				},
				"bone24": {
					"rotation": [-44.68656, -67.31239, 21.33203]
				},
				"bone32": {
					"rotation": [0, 0, -27.5]
				},
				"bone33": {
					"rotation": [25.22643, -8.65495, -51.44323]
				},
				"bone34": {
					"rotation": [0, 0, -22.5]
				},
				"bone35": {
					"rotation": [-9.04107, -8.29262, -30.9502]
				},
				"bone36": {
					"rotation": [0, 0, -22.5]
				},
				"bone37": {
					"rotation": [0, 0, -27.5]
				},
				"bone38": {
					"rotation": [0, 0, -37.5]
				}
			}
		},
		"animation.druddigon.test_2": {
			"loop": true,
			"bones": {
				"torso": {
					"rotation": [32.5, 0, 0]
				},
				"torso_upper": {
					"rotation": [-10, 0, 0]
				},
				"bone4": {
					"rotation": [-2.5, 0, 0]
				},
				"head": {
					"rotation": [-12.5, 0, 0]
				},
				"jaw": {
					"rotation": [45, 0, 0]
				},
				"bone21": {
					"rotation": [5.0088, -33.86414, -10.14253]
				},
				"bone22": {
					"rotation": [0, -17.5, 0]
				},
				"bone23": {
					"rotation": [0, -10, 0]
				},
				"bone18": {
					"rotation": [7.29557, 30.57768, 10.68159]
				},
				"bone19": {
					"rotation": [0, 17.5, 0]
				},
				"bone20": {
					"rotation": [0, 10, 0]
				},
				"arm_right": {
					"rotation": [2.56397, 42.56114, -20.32515]
				},
				"bone24": {
					"rotation": [-67.33639, -55.85017, -13.05915]
				},
				"bone32": {
					"rotation": [0, 0, -10]
				},
				"bone33": {
					"rotation": [25.22643, -8.65495, -51.44323]
				},
				"bone34": {
					"rotation": [0, 0, -22.5]
				},
				"bone35": {
					"rotation": [-9.04107, -8.29262, -30.9502]
				},
				"bone36": {
					"rotation": [0, 0, -22.5]
				},
				"bone37": {
					"rotation": [0, 0, -27.5]
				},
				"bone38": {
					"rotation": [0, 0, -37.5]
				},
				"arm_left": {
					"rotation": [1.99496, -37.77625, 24.40198]
				},
				"bone25": {
					"rotation": [-74.99162, 46.38224, 7.0258]
				},
				"bone26": {
					"rotation": [0, 0, 17.5]
				},
				"bone29": {
					"rotation": [25.44068, -2.75516, 25.56622]
				},
				"bone31": {
					"rotation": [0, 0, 37.5]
				},
				"bone28": {
					"rotation": [-2.72535, 2.55948, 18.69768]
				},
				"bone8": {
					"rotation": [0, 0, 30]
				},
				"bone27": {
					"rotation": [0, 0, 20]
				},
				"bone30": {
					"rotation": [0, 0, 30]
				},
				"tail": {
					"rotation": [-22.5, 0, 0]
				},
				"bone3": {
					"rotation": [7.5, 0, 0]
				},
				"bone5": {
					"rotation": [10, 0, 0]
				},
				"bone39": {
					"rotation": [10, 0, 0]
				},
				"leg_right": {
					"rotation": [-6.91851, 19.94165, 4.51543],
					"position": [0, 0, -3]
				},
				"bone14": {
					"rotation": [0, 0, 0]
				},
				"leg_left": {
					"rotation": [4.80383, -38.47233, -1.20902]
				},
				"bone10": {
					"rotation": [-4.98436, 0.75155, 2.38443]
				},
				"bone7": {
					"rotation": [10.0095, -0.21782, -4.99527]
				}
			}
		},
		"animation.druddigon.ground_idle": {
			"loop": true,
			"bones": {
				"torso": {
					"rotation": ["10+math.sin(q.anim_time*90*1)*5", "0+math.sin(q.anim_time*90*1-70)*5", 0],
					"position": [0, "-math.sin(q.anim_time*90*1+45)*0.5", 0]
				},
				"bone4": {
					"rotation": [10, 0, 0]
				},
				"jaw": {
					"rotation": ["-2.5+math.sin(q.anim_time*90*1-70)*2", 0, 0]
				},
				"leg_left": {
					"rotation": ["20.6167-math.sin(q.anim_time*90*1)*3", -41.32416, -10.25748],
					"position": [0, "0-math.sin(q.anim_time*90*1)*0.1", 0]
				},
				"bone10": {
					"rotation": ["0.1407-math.sin(q.anim_time*90*1)*4", 2.24944, 7.15656]
				},
				"tail": {
					"rotation": [10, "math.sin(q.anim_time*90*1)*6", 0]
				},
				"bone18": {
					"rotation": [7.29557, "30.5777+math.sin(q.anim_time*90*1-70)*2", 10.68159]
				},
				"bone19": {
					"rotation": [0, "17.5+math.sin(q.anim_time*90*1-90)*3", 0]
				},
				"bone20": {
					"rotation": [0, 10, 0]
				},
				"arm_left": {
					"rotation": [-8.20534, "31.1655+math.sin(q.anim_time*90*1-70)*2", 24.49871]
				},
				"bone25": {
					"rotation": [-41.83972, "48.4363+math.sin(q.anim_time*90*1-70)*3", -24.67366]
				},
				"leg_right": {
					"rotation": ["0.5815-math.sin(q.anim_time*90*1)*2", 19.94165, 4.51543],
					"position": [0, "-math.sin(q.anim_time*90*1)*0.1", 0]
				},
				"bone14": {
					"rotation": [2.4905, -0.21782, -0.00473]
				},
				"bone21": {
					"rotation": [5.0088, "-33.8641-math.sin(q.anim_time*90*1-70)*2", -10.14253]
				},
				"bone22": {
					"rotation": [0, "-17.5-math.sin(q.anim_time*90*1-90)*3", 0]
				},
				"bone23": {
					"rotation": [0, -10, 0]
				},
				"bone26": {
					"rotation": [0, 0, 30]
				},
				"bone29": {
					"rotation": [25.44068, -2.75516, 25.56622]
				},
				"bone28": {
					"rotation": [-2.72535, 2.55948, 18.69768]
				},
				"bone27": {
					"rotation": [0, 0, 20]
				},
				"bone30": {
					"rotation": [0, 0, 30]
				},
				"bone31": {
					"rotation": [0, 0, 37.5]
				},
				"bone8": {
					"rotation": [0, 0, 30]
				},
				"arm_right": {
					"rotation": [-16.84089, "-20.8434-math.sin(q.anim_time*90*1-70)*2", -26.30777]
				},
				"bone24": {
					"rotation": [-33.98814, "-49.2185-math.sin(q.anim_time*90*1-70)*3", 11.47719]
				},
				"bone32": {
					"rotation": [0, 0, -27.5]
				},
				"bone33": {
					"rotation": [25.22643, -8.65495, -51.44323]
				},
				"bone34": {
					"rotation": [0, 0, -22.5]
				},
				"bone35": {
					"rotation": [-9.04107, -8.29262, -30.9502]
				},
				"bone36": {
					"rotation": [0, 0, -22.5]
				},
				"bone37": {
					"rotation": [0, 0, -27.5]
				},
				"bone38": {
					"rotation": [0, 0, -37.5]
				},
				"torso_upper": {
					"rotation": ["math.sin(q.anim_time*90*1-70)*2", 0, 0]
				},
				"head": {
					"rotation": ["math.sin(q.anim_time*90*1-70)*2", 0, 0]
				},
				"bone3": {
					"rotation": [0, "math.sin(q.anim_time*90*1-90)*6", 0]
				},
				"bone5": {
					"rotation": [0, "math.sin(q.anim_time*90*1-90)*6", 0]
				},
				"bone39": {
					"rotation": [0, "math.sin(q.anim_time*90*1-90)*6", 0]
				},
				"bone9": {
					"rotation": ["-10+math.sin(q.anim_time*90*1)*6", 0, 0]
				},
				"bone6": {
					"rotation": ["math.sin(q.anim_time*90*1)*5", 0, 0]
				},
				"bone7": {
					"rotation": ["2.5-math.sin(q.anim_time*90*1)*4", 0, -5]
				}
			}
		},
		"animation.druddigon.ground_walk": {
			"loop": true,
			"animation_length": 2,
			"bones": {
				"body": {
					"position": {
						"0.0": [0, 0, 0],
						"0.0417": [0, -0.25, 0],
						"0.0833": [0, 0, 0],
						"0.125": [0, -0.25, 0],
						"0.1667": [0, 0, 0],
						"0.2083": [0, -0.25, 0],
						"0.25": [0, 0, 0],
						"1.0": [0, -0.25, 0],
						"1.0417": [0, 0, 0],
						"1.0833": [0, -0.25, 0],
						"1.125": [0, 0, 0],
						"1.1667": [0, -0.25, 0],
						"1.2083": [0, 0, 0],
						"1.9583": [0, 0, 0],
						"2.0": [0, -0.25, 0]
					}
				},
				"torso": {
					"rotation": ["15.1027-math.sin(q.anim_time*90*4)*6", "4.0941-math.sin(q.anim_time*90*2-90)*6", 0],
					"position": [0, "math.sin(q.anim_time*90*4)*0.3", 0]
				},
				"torso_upper": {
					"rotation": [10.08377, "-math.sin(q.anim_time*90*2)*6", 0],
					"position": [0, 0, 0]
				},
				"head": {
					"rotation": ["-math.sin(q.anim_time*90*4-70)*6", 0, 0]
				},
				"jaw": {
					"rotation": ["10-math.sin(q.anim_time*90*2+70)*6", 0, 0]
				},
				"bone21": {
					"rotation": {
						"0.0": {
							"post": [0, -22.5, 0],
							"lerp_mode": "catmullrom"
						},
						"0.5": {
							"post": [0, -24.37, 0],
							"lerp_mode": "catmullrom"
						},
						"1.0": {
							"post": [0, -41.25, 0],
							"lerp_mode": "catmullrom"
						},
						"2.0": {
							"post": [0, -22.5, 0],
							"lerp_mode": "catmullrom"
						}
					}
				},
				"bone22": {
					"rotation": {
						"0.0": {
							"post": [0, -15, 0],
							"lerp_mode": "catmullrom"
						},
						"0.5": {
							"post": [0, -15.74, 0],
							"lerp_mode": "catmullrom"
						},
						"1.0": {
							"post": [0, -29.95, 0],
							"lerp_mode": "catmullrom"
						},
						"1.5": {
							"post": [0, -27.5, 0],
							"lerp_mode": "catmullrom"
						},
						"2.0": {
							"post": [0, -15, 0],
							"lerp_mode": "catmullrom"
						}
					}
				},
				"bone23": {
					"rotation": {
						"0.0": {
							"post": [0, -12.5, 0],
							"lerp_mode": "catmullrom"
						},
						"0.5": {
							"post": [0, -7.59, 0],
							"lerp_mode": "catmullrom"
						},
						"1.0": {
							"post": [0, -20.36, 0],
							"lerp_mode": "catmullrom"
						},
						"1.5": {
							"post": [0, -22.5, 0],
							"lerp_mode": "catmullrom"
						},
						"2.0": {
							"post": [0, -12.5, 0],
							"lerp_mode": "catmullrom"
						}
					}
				},
				"bone18": {
					"rotation": {
						"0.0": {
							"post": [0, 37.5, 0],
							"lerp_mode": "catmullrom"
						},
						"1.0": {
							"post": [0, 27.5, 0],
							"lerp_mode": "catmullrom"
						},
						"2.0": {
							"post": [0, 37.5, 0],
							"lerp_mode": "catmullrom"
						}
					}
				},
				"bone19": {
					"rotation": {
						"0.0": {
							"post": [0, 27.5, 0],
							"lerp_mode": "catmullrom"
						},
						"0.4583": {
							"post": [0, 34.53, 0],
							"lerp_mode": "catmullrom"
						},
						"1.0": {
							"post": [0, 15, 0],
							"lerp_mode": "catmullrom"
						},
						"1.5": {
							"post": [0, 7.09, 0],
							"lerp_mode": "catmullrom"
						},
						"2.0": {
							"post": [0, 27.5, 0],
							"lerp_mode": "catmullrom"
						}
					}
				},
				"bone20": {
					"rotation": {
						"0.0": {
							"post": [0, 17.5, 0],
							"lerp_mode": "catmullrom"
						},
						"0.4583": {
							"post": [0, 25, 0],
							"lerp_mode": "catmullrom"
						},
						"1.5": {
							"post": [0, 6.85, 0],
							"lerp_mode": "catmullrom"
						},
						"2.0": {
							"post": [0, 17.5, 0],
							"lerp_mode": "catmullrom"
						}
					}
				},
				"arm_right": {
					"rotation": {
						"0.0": {
							"post": [0.55698, 14.97839, -24.88373],
							"lerp_mode": "catmullrom"
						},
						"0.5": {
							"post": [-9.88998, -10.70351, -15.3637],
							"lerp_mode": "catmullrom"
						},
						"1.0": {
							"post": [-12.35379, -22.87417, -12.88276],
							"lerp_mode": "catmullrom"
						},
						"1.5": {
							"post": [-8.71134, -3.36085, -16.55406],
							"lerp_mode": "catmullrom"
						},
						"2.0": {
							"post": [0.55698, 14.97839, -24.88373],
							"lerp_mode": "catmullrom"
						}
					}
				},
				"bone24": {
					"rotation": {
						"0.0": {
							"post": [0, -65, 0],
							"lerp_mode": "catmullrom"
						},
						"0.4167": {
							"post": [0, -52.5, 0],
							"lerp_mode": "catmullrom"
						},
						"1.0": {
							"post": [0, -71.34, 0],
							"lerp_mode": "catmullrom"
						},
						"1.4583": {
							"post": [0, -82.63, 0],
							"lerp_mode": "catmullrom"
						},
						"2.0": {
							"post": [0, -65, 0],
							"lerp_mode": "catmullrom"
						}
					}
				},
				"bone32": {
					"rotation": {
						"0.0": {
							"post": [0, 0, -20],
							"lerp_mode": "catmullrom"
						},
						"2.0": {
							"post": [0, 0, -20],
							"lerp_mode": "catmullrom"
						}
					}
				},
				"bone33": {
					"rotation": {
						"0.0": {
							"post": [35.74277, 9.90421, -53.89554],
							"lerp_mode": "catmullrom"
						},
						"2.0": {
							"post": [35.74277, 9.90421, -53.89554],
							"lerp_mode": "catmullrom"
						}
					}
				},
				"bone34": {
					"rotation": {
						"0.0": {
							"post": [0, 0, -40],
							"lerp_mode": "catmullrom"
						},
						"2.0": {
							"post": [0, 0, -40],
							"lerp_mode": "catmullrom"
						}
					}
				},
				"bone35": {
					"rotation": {
						"0.0": {
							"post": [-25.80496, -4.67934, -43.75375],
							"lerp_mode": "catmullrom"
						},
						"2.0": {
							"post": [-25.80496, -4.67934, -43.75375],
							"lerp_mode": "catmullrom"
						}
					}
				},
				"bone36": {
					"rotation": {
						"0.0": {
							"post": [0, 0, -35],
							"lerp_mode": "catmullrom"
						},
						"2.0": {
							"post": [0, 0, -35],
							"lerp_mode": "catmullrom"
						}
					}
				},
				"bone37": {
					"rotation": {
						"0.0": {
							"post": [0, 0, -25],
							"lerp_mode": "catmullrom"
						},
						"2.0": {
							"post": [0, 0, -25],
							"lerp_mode": "catmullrom"
						}
					}
				},
				"bone38": {
					"rotation": {
						"0.0": {
							"post": [0, 0, -30],
							"lerp_mode": "catmullrom"
						},
						"2.0": {
							"post": [0, 0, -30],
							"lerp_mode": "catmullrom"
						}
					}
				},
				"arm_left": {
					"rotation": {
						"0.0": {
							"post": [-27.48271, 19.99986, 17.57843],
							"lerp_mode": "catmullrom"
						},
						"0.5": {
							"post": [-25.78229, 8.79546, 23.38351],
							"lerp_mode": "catmullrom"
						},
						"1.0": {
							"post": [-25.58505, -11.56561, 33.01125],
							"lerp_mode": "catmullrom"
						},
						"1.5": {
							"post": [-25.43953, 4.2782, 25.55474],
							"lerp_mode": "catmullrom"
						},
						"2.0": {
							"post": [-27.48271, 19.99986, 17.57843],
							"lerp_mode": "catmullrom"
						}
					}
				},
				"bone25": {
					"rotation": {
						"0.0": {
							"post": [0, 62.5, 0],
							"lerp_mode": "catmullrom"
						},
						"0.4167": {
							"post": [0, 82.5, 0],
							"lerp_mode": "catmullrom"
						},
						"1.0": {
							"post": [0, 65.04, 0],
							"lerp_mode": "catmullrom"
						},
						"1.5": {
							"post": [0, 46.43, 0],
							"lerp_mode": "catmullrom"
						},
						"2.0": {
							"post": [0, 62.5, 0],
							"lerp_mode": "catmullrom"
						}
					}
				},
				"bone26": {
					"rotation": {
						"0.0": {
							"post": [0, 0, 30],
							"lerp_mode": "catmullrom"
						},
						"2.0": {
							"post": [0, 0, 30],
							"lerp_mode": "catmullrom"
						}
					}
				},
				"bone29": {
					"rotation": {
						"0.0": {
							"post": [0, 0, 27.5],
							"lerp_mode": "catmullrom"
						},
						"2.0": {
							"post": [0, 0, 27.5],
							"lerp_mode": "catmullrom"
						}
					}
				},
				"bone31": {
					"rotation": {
						"0.0": {
							"post": [0, 0, 35],
							"lerp_mode": "catmullrom"
						},
						"2.0": {
							"post": [0, 0, 35],
							"lerp_mode": "catmullrom"
						}
					}
				},
				"bone28": {
					"rotation": {
						"0.0": {
							"post": [-46.12328, 4.30746, 48.53358],
							"lerp_mode": "catmullrom"
						},
						"2.0": {
							"post": [-46.12328, 4.30746, 48.53358],
							"lerp_mode": "catmullrom"
						}
					}
				},
				"bone8": {
					"rotation": {
						"0.0": {
							"post": [0, 0, 37.5],
							"lerp_mode": "catmullrom"
						},
						"2.0": {
							"post": [0, 0, 37.5],
							"lerp_mode": "catmullrom"
						}
					}
				},
				"bone27": {
					"rotation": {
						"0.0": {
							"post": [0, 0, 27.5],
							"lerp_mode": "catmullrom"
						},
						"2.0": {
							"post": [0, 0, 27.5],
							"lerp_mode": "catmullrom"
						}
					}
				},
				"bone30": {
					"rotation": {
						"0.0": {
							"post": [0, 0, 35],
							"lerp_mode": "catmullrom"
						},
						"2.0": {
							"post": [0, 0, 35],
							"lerp_mode": "catmullrom"
						}
					}
				},
				"tail": {
					"rotation": {
						"0.0": {
							"post": [-0.9197, 2.13829, -7.05875],
							"lerp_mode": "catmullrom"
						},
						"1.0": {
							"post": [-1.91174, -8.95243, 9.52774],
							"lerp_mode": "catmullrom"
						},
						"2.0": {
							"post": [-0.9197, 2.13829, -7.05875],
							"lerp_mode": "catmullrom"
						}
					}
				},
				"bone3": {
					"rotation": {
						"0.0": {
							"post": [0, 20, 0],
							"lerp_mode": "catmullrom"
						},
						"0.5": {
							"post": [0, 19.01, 0],
							"lerp_mode": "catmullrom"
						},
						"1.0": {
							"post": [0, -12.5, 0],
							"lerp_mode": "catmullrom"
						},
						"1.4583": {
							"post": [0, -18.32, 0],
							"lerp_mode": "catmullrom"
						},
						"2.0": {
							"post": [0, 20, 0],
							"lerp_mode": "catmullrom"
						}
					}
				},
				"bone5": {
					"rotation": {
						"0.0": {
							"post": [0, 15, 0],
							"lerp_mode": "catmullrom"
						},
						"0.625": {
							"post": [0, 13.82, 0],
							"lerp_mode": "catmullrom"
						},
						"1.0": {
							"post": [0, -15, 0],
							"lerp_mode": "catmullrom"
						},
						"1.4583": {
							"post": [0, -11.87, 0],
							"lerp_mode": "catmullrom"
						},
						"2.0": {
							"post": [0, 15, 0],
							"lerp_mode": "catmullrom"
						}
					}
				},
				"bone39": {
					"rotation": {
						"0.0": {
							"post": [0, 20, 0],
							"lerp_mode": "catmullrom"
						},
						"0.625": {
							"post": [0, 9.45, 0],
							"lerp_mode": "catmullrom"
						},
						"1.0": {
							"post": [0, -17.5, 0],
							"lerp_mode": "catmullrom"
						},
						"1.4583": {
							"post": [0, -16.09, 0],
							"lerp_mode": "catmullrom"
						},
						"2.0": {
							"post": [0, 20, 0],
							"lerp_mode": "catmullrom"
						}
					}
				},
				"leg_right": {
					"rotation": {
						"0.0": [-15.89073, 14.10562, -0.1102],
						"1.0": [16.60927, 14.10562, -0.1102],
						"2.0": [-15.89073, 14.10562, -0.1102]
					},
					"position": {
						"0.0": [0, -0.4, -1],
						"1.0": [0, 0, 2],
						"1.5": [0, 1.6, 0],
						"1.875": [0, 2.02, -1.17],
						"2.0": [0, -0.4, -1]
					}
				},
				"bone6": {
					"rotation": {
						"0.0": [-5, 0, 0],
						"1.0": [-7.5, 0, 0],
						"1.5": [25, 0, 0],
						"1.875": [-12.5, 0, 0],
						"2.0": [-5, 0, 0]
					}
				},
				"leg_left": {
					"rotation": {
						"0.0": [13.17452, -13.40571, -1.07706],
						"0.5": [6.92452, -13.40571, -1.07706],
						"0.875": [-5.57548, -13.40571, -1.07706],
						"1.0": [-4.32548, -13.40571, -1.07706],
						"2.0": [13.17452, -13.40571, -1.07706]
					},
					"position": {
						"0.0": [0, 0, 3],
						"0.5": [0, 3, 0.5],
						"0.875": [0, 2.5, -0.25],
						"1.0": [0, 0, -2],
						"2.0": [0, 0, 3]
					}
				},
				"bone9": {
					"rotation": {
						"0.0": [0, 0, 0],
						"0.5": [22.5, 0, 0],
						"0.875": [-2.5, 0, 0],
						"1.0": [0, 0, 0]
					}
				},
				"bone10": {
					"rotation": {
						"0.0": [-10, 0, 0],
						"0.25": [1.25, 0, 0],
						"1.0": [5, 0, 0],
						"2.0": [-10, 0, 0]
					}
				},
				"bone7": {
					"rotation": {
						"0.0": [20, 0, 0],
						"0.5": [5, 0, 0],
						"1.0": [-10, 0, 0],
						"2.0": [20, 0, 0]
					}
				}
			}
		},
		"animation.druddigon.physical": {
			"animation_length": 2,
			"bones": {
				"body": {
					"position": {
						"0.0": [0, 0, 0],
						"0.5": [0, 0, 2.25],
						"0.7917": [0, 0.75, -2.25],
						"0.9583": [0, -0.5, -4.95],
						"1.0": [0, -1, -4.95],
						"1.0417": [0, -0.5, -4.95],
						"1.0833": [0, -1, -4.95],
						"1.125": [0, -0.5, -4.95],
						"1.1667": [0, -1, -4.95],
						"1.2083": [0, -0.5, -4.95],
						"1.25": [0, -1, -4.95],
						"1.2917": [0, -0.5, -4.95],
						"1.375": [0, -0.5, -4.75],
						"1.9583": [0, 0, 0]
					}
				},
				"torso": {
					"rotation": {
						"0.0": {
							"post": [10, 0, 0],
							"lerp_mode": "catmullrom"
						},
						"0.5": {
							"post": [10.86748, -12.95254, -7.63074],
							"lerp_mode": "catmullrom"
						},
						"0.75": {
							"post": [-3.8023, 0.82445, -8.08023],
							"lerp_mode": "catmullrom"
						},
						"1.0": {
							"post": [32.73501, 25.64387, 20.12361],
							"lerp_mode": "catmullrom"
						},
						"1.4167": {
							"post": [32.73501, 25.64387, 20.12361],
							"lerp_mode": "catmullrom"
						},
						"2.0": {
							"post": [10, 0, 0],
							"lerp_mode": "catmullrom"
						}
					}
				},
				"torso_upper": {
					"rotation": {
						"0.0": {
							"post": [0, 0, 0],
							"lerp_mode": "catmullrom"
						},
						"0.5": {
							"post": [0, -7.5, 0],
							"lerp_mode": "catmullrom"
						},
						"0.75": {
							"post": [-10, -1.07143, 0],
							"lerp_mode": "catmullrom"
						},
						"1.0": {
							"post": [0, 5, 0],
							"lerp_mode": "catmullrom"
						},
						"1.4167": {
							"post": [0, 5, 0],
							"lerp_mode": "catmullrom"
						},
						"2.0": {
							"post": [0, 0, 0],
							"lerp_mode": "catmullrom"
						}
					}
				},
				"bone4": {
					"rotation": {
						"0.0": {
							"post": [10, 0, 0],
							"lerp_mode": "catmullrom"
						},
						"0.7917": {
							"post": [4.98123, -1.86209, 0.96989],
							"lerp_mode": "catmullrom"
						},
						"1.0": {
							"post": [9.97765, -2.21738, 1.15495],
							"lerp_mode": "catmullrom"
						},
						"1.4167": {
							"post": [9.97765, -2.21738, 1.15495],
							"lerp_mode": "catmullrom"
						},
						"2.0": {
							"post": [10, 0, 0],
							"lerp_mode": "catmullrom"
						}
					}
				},
				"head": {
					"rotation": {
						"0.0": {
							"post": [0, 0, 0],
							"lerp_mode": "catmullrom"
						},
						"0.5": {
							"post": [-0.56986, 8.38426, 1.70015],
							"lerp_mode": "catmullrom"
						},
						"0.7917": {
							"post": [-10.69722, 1.04409, 0.15374],
							"lerp_mode": "catmullrom"
						},
						"0.9583": {
							"post": [10.689, -17.44386, -8.33845],
							"lerp_mode": "catmullrom"
						},
						"1.375": {
							"post": [-0.94606, -9.25215, 0.57242],
							"lerp_mode": "catmullrom"
						},
						"1.9583": {
							"post": [0, 0, 0],
							"lerp_mode": "catmullrom"
						}
					}
				},
				"jaw": {
					"rotation": {
						"0.0": {
							"post": [10, 0, 0],
							"lerp_mode": "catmullrom"
						},
						"0.7917": {
							"post": [35, 0, 0],
							"lerp_mode": "catmullrom"
						},
						"1.0": {
							"post": [-2.5, 0, 0],
							"lerp_mode": "catmullrom"
						},
						"2.0": {
							"post": [10, 0, 0],
							"lerp_mode": "catmullrom"
						}
					}
				},
				"bone21": {
					"rotation": {
						"0.0": {
							"post": [5.0088, -33.86414, -10.14253],
							"lerp_mode": "catmullrom"
						}
					}
				},
				"bone22": {
					"rotation": {
						"0.0": {
							"post": [0, -17.5, 0],
							"lerp_mode": "catmullrom"
						}
					}
				},
				"bone23": {
					"rotation": {
						"0.0": {
							"post": [0, -10, 0],
							"lerp_mode": "catmullrom"
						}
					}
				},
				"bone18": {
					"rotation": {
						"0.0": {
							"post": [7.29557, 30.57768, 10.68159],
							"lerp_mode": "catmullrom"
						}
					}
				},
				"bone19": {
					"rotation": {
						"0.0": {
							"post": [0, 17.5, 0],
							"lerp_mode": "catmullrom"
						}
					}
				},
				"bone20": {
					"rotation": {
						"0.0": {
							"post": [0, 10, 0],
							"lerp_mode": "catmullrom"
						}
					}
				},
				"arm_right": {
					"rotation": {
						"0.0": {
							"post": [-16.84089, -20.84342, -26.30777],
							"lerp_mode": "catmullrom"
						},
						"0.5": {
							"post": [0.07258, -43.17144, 1.21624],
							"lerp_mode": "catmullrom"
						},
						"0.7917": {
							"post": [-3.92452, 46.22054, -25.98812],
							"lerp_mode": "catmullrom"
						},
						"1.1667": {
							"post": [-3.92452, 46.22054, -25.98812],
							"lerp_mode": "catmullrom"
						},
						"2.0": {
							"post": [-16.84089, -20.84342, -26.30777],
							"lerp_mode": "catmullrom"
						}
					}
				},
				"bone24": {
					"rotation": {
						"0.0": {
							"post": [-44.68656, -67.31239, 21.33203],
							"lerp_mode": "catmullrom"
						},
						"0.5": {
							"post": [-47.81948, -85.53664, 57.88253],
							"lerp_mode": "catmullrom"
						},
						"0.7917": {
							"post": [-14.68022, -63.94255, -16.96236],
							"lerp_mode": "catmullrom"
						},
						"1.0": {
							"post": [-15.95726, -66.3539, -15.52492],
							"lerp_mode": "catmullrom"
						},
						"1.4167": {
							"post": [-7.38778, -22.08244, -27.43241],
							"lerp_mode": "catmullrom"
						},
						"2.0": {
							"post": [-44.68656, -67.31239, 21.33203],
							"lerp_mode": "catmullrom"
						}
					}
				},
				"bone32": {
					"rotation": {
						"0.0": {
							"post": [0, 0, -27.5],
							"lerp_mode": "catmullrom"
						}
					}
				},
				"bone33": {
					"rotation": {
						"0.0": {
							"post": [25.22643, -8.65495, -51.44323],
							"lerp_mode": "catmullrom"
						},
						"0.375": {
							"post": [44.85841, 1.59513, -75.6333],
							"lerp_mode": "catmullrom"
						},
						"1.5": {
							"post": [44.85841, 1.59513, -75.6333],
							"lerp_mode": "catmullrom"
						},
						"2.0": {
							"post": [25.22643, -8.65495, -51.44323],
							"lerp_mode": "catmullrom"
						}
					}
				},
				"bone34": {
					"rotation": {
						"0.0": {
							"post": [0, 0, -22.5],
							"lerp_mode": "catmullrom"
						},
						"0.375": {
							"post": [0, 0, -45],
							"lerp_mode": "catmullrom"
						},
						"1.5": {
							"post": [0, 0, -45],
							"lerp_mode": "catmullrom"
						},
						"2.0": {
							"post": [0, 0, -22.5],
							"lerp_mode": "catmullrom"
						}
					}
				},
				"bone35": {
					"rotation": {
						"0.0": {
							"post": [-9.04107, -8.29262, -30.9502],
							"lerp_mode": "catmullrom"
						},
						"0.375": {
							"post": [-31.76017, -20.1258, -68.67995],
							"lerp_mode": "catmullrom"
						},
						"1.5": {
							"post": [-31.76017, -20.1258, -68.67995],
							"lerp_mode": "catmullrom"
						},
						"2.0": {
							"post": [-9.04107, -8.29262, -30.9502],
							"lerp_mode": "catmullrom"
						}
					}
				},
				"bone36": {
					"rotation": {
						"0.0": {
							"post": [0, 0, -22.5],
							"lerp_mode": "catmullrom"
						},
						"0.375": {
							"post": [0, 0, -47.5],
							"lerp_mode": "catmullrom"
						},
						"1.5": {
							"post": [0, 0, -47.5],
							"lerp_mode": "catmullrom"
						},
						"2.0": {
							"post": [0, 0, -22.5],
							"lerp_mode": "catmullrom"
						}
					}
				},
				"bone37": {
					"rotation": {
						"0.0": {
							"post": [0, 0, -27.5],
							"lerp_mode": "catmullrom"
						},
						"0.375": {
							"post": [0, 0, -32.5],
							"lerp_mode": "catmullrom"
						},
						"1.5": {
							"post": [0, 0, -32.5],
							"lerp_mode": "catmullrom"
						},
						"2.0": {
							"post": [0, 0, -27.5],
							"lerp_mode": "catmullrom"
						}
					}
				},
				"bone38": {
					"rotation": {
						"0.0": {
							"post": [0, 0, -37.5],
							"lerp_mode": "catmullrom"
						},
						"0.375": {
							"post": [0, 0, -65],
							"lerp_mode": "catmullrom"
						},
						"1.5": {
							"post": [0, 0, -65],
							"lerp_mode": "catmullrom"
						},
						"2.0": {
							"post": [0, 0, -37.5],
							"lerp_mode": "catmullrom"
						}
					}
				},
				"arm_left": {
					"rotation": {
						"0.0": {
							"post": [-8.20534, 31.16551, 24.49871],
							"lerp_mode": "catmullrom"
						},
						"0.5": {
							"post": [-18.82854, -2.89812, 9.50767],
							"lerp_mode": "catmullrom"
						},
						"0.7917": {
							"post": [-15.38785, -21.33661, -42.28164],
							"lerp_mode": "catmullrom"
						},
						"1.0": {
							"post": [60.27276, 63.28763, 57.37215],
							"lerp_mode": "catmullrom"
						},
						"1.4167": {
							"post": [60.27276, 63.28763, 57.37215],
							"lerp_mode": "catmullrom"
						},
						"2.0": {
							"post": [-8.20534, 31.16551, 24.49871],
							"lerp_mode": "catmullrom"
						}
					}
				},
				"bone25": {
					"rotation": {
						"0.0": {
							"post": [-41.2434, 56.98175, -21.3751],
							"lerp_mode": "catmullrom"
						},
						"0.7917": {
							"post": [-86.24841, 17.11341, -25.52659],
							"lerp_mode": "catmullrom"
						},
						"1.0": {
							"post": [-38.33043, 59.46588, -20.87546],
							"lerp_mode": "catmullrom"
						},
						"1.4167": {
							"post": [-38.33043, 59.46588, -20.87546],
							"lerp_mode": "catmullrom"
						},
						"2.0": {
							"post": [-41.2434, 56.98175, -21.3751],
							"lerp_mode": "catmullrom"
						}
					}
				},
				"bone26": {
					"rotation": {
						"0.0": {
							"post": [0, 0, 30],
							"lerp_mode": "catmullrom"
						},
						"0.5": {
							"post": [0, 0, 22.5],
							"lerp_mode": "catmullrom"
						},
						"0.7917": {
							"post": [0, 0, 10],
							"lerp_mode": "catmullrom"
						},
						"1.0": {
							"post": [0, 0, 30],
							"lerp_mode": "catmullrom"
						},
						"1.375": {
							"post": [0, 0, 30],
							"lerp_mode": "catmullrom"
						},
						"1.9583": {
							"post": [0, 0, 30],
							"lerp_mode": "catmullrom"
						}
					}
				},
				"bone29": {
					"rotation": {
						"0.0": {
							"post": [25.44068, -2.75516, 25.56622],
							"lerp_mode": "catmullrom"
						},
						"0.7917": {
							"post": [2.13983, 2.15951, -4.66289],
							"lerp_mode": "catmullrom"
						},
						"1.2083": {
							"post": [41.91911, -15.47478, 50.36607],
							"lerp_mode": "catmullrom"
						},
						"2.0": {
							"post": [25.44068, -2.75516, 25.56622],
							"lerp_mode": "catmullrom"
						}
					}
				},
				"bone31": {
					"rotation": {
						"0.0": {
							"post": [0, 0, 37.5],
							"lerp_mode": "catmullrom"
						}
					}
				},
				"bone28": {
					"rotation": {
						"0.0": {
							"post": [-2.72535, 2.55948, 18.69768],
							"lerp_mode": "catmullrom"
						},
						"0.7917": {
							"post": [20.46806, 6.14672, -13.3133],
							"lerp_mode": "catmullrom"
						},
						"1.2083": {
							"post": [-26.744, 9.15818, 52.61557],
							"lerp_mode": "catmullrom"
						},
						"2.0": {
							"post": [-2.72535, 2.55948, 18.69768],
							"lerp_mode": "catmullrom"
						}
					}
				},
				"bone8": {
					"rotation": {
						"0.0": {
							"post": [0, 0, 30],
							"lerp_mode": "catmullrom"
						}
					}
				},
				"bone27": {
					"rotation": {
						"0.0": {
							"post": [0, 0, 20],
							"lerp_mode": "catmullrom"
						},
						"0.7917": {
							"post": [0, 0, -2.5],
							"lerp_mode": "catmullrom"
						},
						"1.2083": {
							"post": [0, 0, 45],
							"lerp_mode": "catmullrom"
						},
						"2.0": {
							"post": [0, 0, 20],
							"lerp_mode": "catmullrom"
						}
					}
				},
				"bone30": {
					"rotation": {
						"0.0": {
							"post": [0, 0, 30],
							"lerp_mode": "catmullrom"
						}
					}
				},
				"tail": {
					"rotation": {
						"0.0": {
							"post": [10, 0, 0],
							"lerp_mode": "catmullrom"
						},
						"0.4583": {
							"post": [9.56145, -7.05302, 7.10708],
							"lerp_mode": "catmullrom"
						},
						"1.125": {
							"post": [9.56145, 7.05302, -7.10708],
							"lerp_mode": "catmullrom"
						},
						"2.0": {
							"post": [10, 0, 0],
							"lerp_mode": "catmullrom"
						}
					}
				},
				"bone3": {
					"rotation": {
						"0.0": {
							"post": [0, 0, 0],
							"lerp_mode": "catmullrom"
						},
						"0.4583": {
							"post": [0, -15, 0],
							"lerp_mode": "catmullrom"
						},
						"1.125": {
							"post": [0, 15, 0],
							"lerp_mode": "catmullrom"
						},
						"2.0": {
							"post": [0, 0, 0],
							"lerp_mode": "catmullrom"
						}
					}
				},
				"bone5": {
					"rotation": {
						"0.0": {
							"post": [0, 0, 0],
							"lerp_mode": "catmullrom"
						},
						"0.4583": {
							"post": [0, -17.5, 0],
							"lerp_mode": "catmullrom"
						},
						"1.125": {
							"post": [0, 0, 0],
							"lerp_mode": "catmullrom"
						},
						"2.0": {
							"post": [0, 0, 0],
							"lerp_mode": "catmullrom"
						}
					}
				},
				"bone39": {
					"rotation": {
						"0.0": {
							"post": [0, 0, 0],
							"lerp_mode": "catmullrom"
						},
						"0.4583": {
							"post": [0, -17.5, 0],
							"lerp_mode": "catmullrom"
						},
						"1.125": {
							"post": [0, 27.5, 0],
							"lerp_mode": "catmullrom"
						},
						"2.0": {
							"post": [0, 0, 0],
							"lerp_mode": "catmullrom"
						}
					}
				},
				"leg_right": {
					"rotation": {
						"0.0": {
							"post": [0.58149, 19.94165, 4.51543],
							"lerp_mode": "catmullrom"
						},
						"0.5": {
							"post": [-14.41851, 19.94165, 4.51543],
							"lerp_mode": "catmullrom"
						},
						"0.7917": {
							"post": [10.58149, 19.94165, 4.51543],
							"lerp_mode": "catmullrom"
						},
						"0.9583": [37.69861, 51.64186, 22.14871],
						"1.375": [37.69861, 51.64186, 22.14871],
						"1.9583": {
							"pre": [0.58149, 19.94165, 4.51543],
							"post": [0.58149, 19.94165, 4.51543],
							"lerp_mode": "catmullrom"
						}
					},
					"position": {
						"0.0": [0, 0, 0],
						"0.5": [0, -0.5, 0],
						"0.7917": [0, -0.5, 1],
						"1.375": [0, -0.5, 1],
						"1.9583": [0, 0, 0]
					}
				},
				"bone6": {
					"rotation": {
						"0.0": [0, 0, 0],
						"0.5": [-10, 0, 0],
						"0.7917": [-12.5, 0, 0],
						"0.9583": [-2.5, 0, 0],
						"1.375": [-2.5, 0, 0],
						"1.9583": [0, 0, 0]
					}
				},
				"leg_left": {
					"rotation": {
						"0.0": {
							"post": [4.80383, -38.47233, -1.20902],
							"lerp_mode": "catmullrom"
						},
						"0.7917": {
							"post": [-17.69617, -38.47233, -1.20902],
							"lerp_mode": "catmullrom"
						},
						"0.9583": [-12.69617, -38.47233, -1.20902],
						"1.375": [-12.69617, -38.47233, -1.20902],
						"1.625": {
							"pre": [-22.11308, -38.47233, -1.20902],
							"post": [-22.11308, -38.47233, -1.20902],
							"lerp_mode": "catmullrom"
						},
						"1.9583": {
							"post": [4.80383, -38.47233, -1.20902],
							"lerp_mode": "catmullrom"
						}
					},
					"position": {
						"0.0": [0, 0, 0],
						"0.25": [0, 1.86, 2.08],
						"0.5": [0, -1, 3.75],
						"0.7917": [0, 2.25, 0.5],
						"0.9583": [0, 0.1, -1.5],
						"1.375": [0, 0.1, -1.5],
						"1.9583": [0, 0, 0]
					}
				},
				"bone9": {
					"rotation": {
						"0.0": {
							"post": [0, 0, 0],
							"lerp_mode": "catmullrom"
						},
						"0.7917": {
							"post": [27.5, 0, 0],
							"lerp_mode": "catmullrom"
						},
						"0.9583": [-2.5, 0, 0],
						"1.375": [-2.5, 0, 0],
						"1.625": {
							"pre": [33.53, 0, 0],
							"post": [33.53, 0, 0],
							"lerp_mode": "catmullrom"
						},
						"1.9583": {
							"post": [0, 0, 0],
							"lerp_mode": "catmullrom"
						}
					}
				},
				"bone10": {
					"rotation": {
						"0.0": [-4.98436, 0.75155, 2.38443],
						"0.5": [-9.54958, 0.75155, 2.38443],
						"0.9583": [15.01564, 0.75155, 2.38443],
						"1.375": [15.01564, 0.75155, 2.38443],
						"1.625": [-9.09515, 0.75155, 2.38443],
						"1.9583": [-4.98436, 0.75155, 2.38443]
					}
				},
				"bone7": {
					"rotation": {
						"0.0": [0, 0, -5],
						"0.5": [24.89638, 1.61888, -7.32417],
						"0.7917": [4.62631, -2.10903, -4.70749],
						"0.9583": [-14.41645, -6.30884, -10.81638],
						"1.375": [-14.41645, -6.30884, -10.81638],
						"1.9583": [0, 0, -5]
					}
				}
			}
		},
		"animation.druddigon.special": {
			"animation_length": 1.875,
			"bones": {
				"body": {
					"rotation": {
						"0.0": [0, 0, 0],
						"1.5417": [0, 0, 0]
					},
					"position": {
						"0.0": [0, 0, 0],
						"0.4167": [0, 0, -2],
						"0.4583": [0, -0.25, -2],
						"0.5": [0, 0, -2],
						"0.5417": [0, -0.25, -2],
						"0.5833": [0, 0, -2],
						"0.625": [0, -0.25, -2],
						"0.6667": [0, 0, -2],
						"0.9583": [0, 0, -2],
						"1.5417": [0, 0, 0]
					}
				},
				"torso": {
					"rotation": {
						"0.0": {
							"post": [10, 0, 0],
							"lerp_mode": "catmullrom"
						},
						"0.25": {
							"post": [-7.5, 0, 0],
							"lerp_mode": "catmullrom"
						},
						"0.4167": {
							"post": [22.5, 0, 0],
							"lerp_mode": "catmullrom"
						},
						"0.9583": {
							"post": [22.5, 0, 0],
							"lerp_mode": "catmullrom"
						},
						"1.125": {
							"post": [36.26, 0, 0],
							"lerp_mode": "catmullrom"
						},
						"1.5417": {
							"post": [10, 0, 0],
							"lerp_mode": "catmullrom"
						}
					},
					"position": {
						"0.0": {
							"post": [0, 0, 0],
							"lerp_mode": "catmullrom"
						},
						"0.4167": {
							"post": [0, 0, 0],
							"lerp_mode": "catmullrom"
						},
						"0.4583": {
							"post": [0, -1, 0],
							"lerp_mode": "catmullrom"
						},
						"0.5": {
							"post": [0, 0, 0],
							"lerp_mode": "catmullrom"
						},
						"0.5417": {
							"post": [0, -1, 0],
							"lerp_mode": "catmullrom"
						},
						"0.5833": {
							"post": [0, 0, 0],
							"lerp_mode": "catmullrom"
						},
						"0.625": {
							"post": [0, -1, 0],
							"lerp_mode": "catmullrom"
						},
						"0.6667": {
							"post": [0, 0, 0],
							"lerp_mode": "catmullrom"
						},
						"1.5417": {
							"post": [0, 0, 0],
							"lerp_mode": "catmullrom"
						}
					}
				},
				"torso_upper": {
					"rotation": {
						"0.0": {
							"post": [0, 0, 0],
							"lerp_mode": "catmullrom"
						},
						"0.25": {
							"post": [-7.5, 0, 0],
							"lerp_mode": "catmullrom"
						},
						"1.125": {
							"post": [2.61, 0, 0],
							"lerp_mode": "catmullrom"
						},
						"1.5417": {
							"post": [0, 0, 0],
							"lerp_mode": "catmullrom"
						}
					}
				},
				"bone4": {
					"rotation": {
						"0.0": {
							"post": [10, 0, 0],
							"lerp_mode": "catmullrom"
						},
						"0.25": {
							"post": [12.5, 0, 0],
							"lerp_mode": "catmullrom"
						},
						"0.4167": {
							"post": [0, 0, 0],
							"lerp_mode": "catmullrom"
						},
						"0.9583": {
							"post": [0, 0, 0],
							"lerp_mode": "catmullrom"
						},
						"1.5417": {
							"post": [10, 0, 0],
							"lerp_mode": "catmullrom"
						}
					}
				},
				"head": {
					"rotation": {
						"0.0": {
							"post": [0, 0, 0],
							"lerp_mode": "catmullrom"
						},
						"0.25": {
							"post": [7.5, 0, 0],
							"lerp_mode": "catmullrom"
						},
						"0.4167": {
							"post": [-12.5, 0, 0],
							"lerp_mode": "catmullrom"
						},
						"0.9583": {
							"post": [-12.5, 0, 0],
							"lerp_mode": "catmullrom"
						},
						"1.25": {
							"post": [3.02, 0, 0],
							"lerp_mode": "catmullrom"
						},
						"1.5417": {
							"post": [0, 0, 0],
							"lerp_mode": "catmullrom"
						}
					}
				},
				"jaw": {
					"rotation": {
						"0.0": {
							"post": [10, 0, 0],
							"lerp_mode": "catmullrom"
						},
						"0.25": {
							"post": [-5, 0, 0],
							"lerp_mode": "catmullrom"
						},
						"0.4167": {
							"post": [42.5, 0, 0],
							"lerp_mode": "catmullrom"
						},
						"0.9583": {
							"post": [42.5, 0, 0],
							"lerp_mode": "catmullrom"
						},
						"1.125": {
							"post": [14.64, 0, 0],
							"lerp_mode": "catmullrom"
						},
						"1.5417": {
							"post": [10, 0, 0],
							"lerp_mode": "catmullrom"
						}
					}
				},
				"bone21": {
					"rotation": {
						"0.0": {
							"post": [5.0088, -33.86414, -10.14253],
							"lerp_mode": "catmullrom"
						},
						"1.5417": {
							"post": [5.0088, -33.86414, -10.14253],
							"lerp_mode": "catmullrom"
						}
					}
				},
				"bone22": {
					"rotation": {
						"0.0": {
							"post": [0, -17.5, 0],
							"lerp_mode": "catmullrom"
						},
						"1.5417": {
							"post": [0, -17.5, 0],
							"lerp_mode": "catmullrom"
						}
					}
				},
				"bone23": {
					"rotation": {
						"0.0": {
							"post": [0, -10, 0],
							"lerp_mode": "catmullrom"
						},
						"1.5417": {
							"post": [0, -10, 0],
							"lerp_mode": "catmullrom"
						}
					}
				},
				"bone18": {
					"rotation": {
						"0.0": {
							"post": [7.29557, 30.57768, 10.68159],
							"lerp_mode": "catmullrom"
						},
						"1.5417": {
							"post": [7.29557, 30.57768, 10.68159],
							"lerp_mode": "catmullrom"
						}
					}
				},
				"bone19": {
					"rotation": {
						"0.0": {
							"post": [0, 17.5, 0],
							"lerp_mode": "catmullrom"
						},
						"1.5417": {
							"post": [0, 17.5, 0],
							"lerp_mode": "catmullrom"
						}
					}
				},
				"bone20": {
					"rotation": {
						"0.0": {
							"post": [0, 10, 0],
							"lerp_mode": "catmullrom"
						},
						"1.5417": {
							"post": [0, 10, 0],
							"lerp_mode": "catmullrom"
						}
					}
				},
				"arm_right": {
					"rotation": {
						"0.0": {
							"post": [-16.84089, -20.84342, -26.30777],
							"lerp_mode": "catmullrom"
						},
						"0.25": {
							"post": [-25.84234, -25.28392, -0.72582],
							"lerp_mode": "catmullrom"
						},
						"0.4167": {
							"post": [-26.31234, 13.10069, -31.73899],
							"lerp_mode": "catmullrom"
						},
						"0.9583": {
							"post": [-26.31234, 13.10069, -31.73899],
							"lerp_mode": "catmullrom"
						},
						"1.5417": {
							"post": [-16.84089, -20.84342, -26.30777],
							"lerp_mode": "catmullrom"
						}
					}
				},
				"bone24": {
					"rotation": {
						"0.0": {
							"post": [-44.68656, -67.31239, 21.33203],
							"lerp_mode": "catmullrom"
						},
						"0.25": {
							"post": [37.95751, -82.99563, -90.79723],
							"lerp_mode": "catmullrom"
						},
						"0.4167": {
							"post": [-86.82468, -57.66622, 26.66833],
							"lerp_mode": "catmullrom"
						},
						"0.9583": {
							"post": [-86.82468, -57.66622, 26.66833],
							"lerp_mode": "catmullrom"
						},
						"1.125": {
							"post": [-67.81919, -63.51624, 38.37728],
							"lerp_mode": "catmullrom"
						},
						"1.5417": {
							"post": [-44.68656, -67.31239, 21.33203],
							"lerp_mode": "catmullrom"
						}
					}
				},
				"bone32": {
					"rotation": {
						"0.0": {
							"post": [0, 0, -27.5],
							"lerp_mode": "catmullrom"
						},
						"0.25": {
							"post": [0, 0, -55],
							"lerp_mode": "catmullrom"
						},
						"0.4167": {
							"post": [0, 0, -20],
							"lerp_mode": "catmullrom"
						},
						"0.9583": {
							"post": [0, 0, -20],
							"lerp_mode": "catmullrom"
						},
						"1.5417": {
							"post": [0, 0, -27.5],
							"lerp_mode": "catmullrom"
						}
					}
				},
				"bone33": {
					"rotation": {
						"0.0": {
							"post": [25.22643, -8.65495, -51.44323],
							"lerp_mode": "catmullrom"
						},
						"1.5417": {
							"post": [25.22643, -8.65495, -51.44323],
							"lerp_mode": "catmullrom"
						}
					}
				},
				"bone34": {
					"rotation": {
						"0.0": {
							"post": [0, 0, -22.5],
							"lerp_mode": "catmullrom"
						},
						"1.5417": {
							"post": [0, 0, -22.5],
							"lerp_mode": "catmullrom"
						}
					}
				},
				"bone35": {
					"rotation": {
						"0.0": {
							"post": [-9.04107, -8.29262, -30.9502],
							"lerp_mode": "catmullrom"
						},
						"1.5417": {
							"post": [-9.04107, -8.29262, -30.9502],
							"lerp_mode": "catmullrom"
						}
					}
				},
				"bone36": {
					"rotation": {
						"0.0": {
							"post": [0, 0, -22.5],
							"lerp_mode": "catmullrom"
						},
						"1.5417": {
							"post": [0, 0, -22.5],
							"lerp_mode": "catmullrom"
						}
					}
				},
				"bone37": {
					"rotation": {
						"0.0": {
							"post": [0, 0, -27.5],
							"lerp_mode": "catmullrom"
						},
						"1.5417": {
							"post": [0, 0, -27.5],
							"lerp_mode": "catmullrom"
						}
					}
				},
				"bone38": {
					"rotation": {
						"0.0": {
							"post": [0, 0, -37.5],
							"lerp_mode": "catmullrom"
						},
						"1.5417": {
							"post": [0, 0, -37.5],
							"lerp_mode": "catmullrom"
						}
					}
				},
				"arm_left": {
					"rotation": {
						"0.0": {
							"post": [-8.20534, 31.16551, 24.49871],
							"lerp_mode": "catmullrom"
						},
						"0.25": {
							"post": [-17.4335, 27.8628, 7.21152],
							"lerp_mode": "catmullrom"
						},
						"0.4167": {
							"post": [-6.25588, -19.32853, 39.29818],
							"lerp_mode": "catmullrom"
						},
						"0.9583": {
							"post": [-6.25588, -19.32853, 39.29818],
							"lerp_mode": "catmullrom"
						},
						"1.5417": {
							"post": [-8.20534, 31.16551, 24.49871],
							"lerp_mode": "catmullrom"
						}
					}
				},
				"bone25": {
					"rotation": {
						"0.0": {
							"post": [-41.2434, 56.98175, -21.3751],
							"lerp_mode": "catmullrom"
						},
						"0.25": {
							"post": [32.58582, 85.0607, 83.58502],
							"lerp_mode": "catmullrom"
						},
						"0.4167": {
							"post": [-108.20633, 46.34492, -46.43607],
							"lerp_mode": "catmullrom"
						},
						"0.9583": {
							"post": [-108.20633, 46.34492, -46.43607],
							"lerp_mode": "catmullrom"
						},
						"1.125": {
							"post": [-79.75409, 48.14788, -51.12625],
							"lerp_mode": "catmullrom"
						},
						"1.5417": {
							"post": [-41.2434, 56.98175, -21.3751],
							"lerp_mode": "catmullrom"
						}
					}
				},
				"bone26": {
					"rotation": {
						"0.0": {
							"post": [0, 0, 30],
							"lerp_mode": "catmullrom"
						},
						"0.25": {
							"post": [0, 0, 50],
							"lerp_mode": "catmullrom"
						},
						"0.4167": {
							"post": [0, 0, 20],
							"lerp_mode": "catmullrom"
						},
						"0.9583": {
							"post": [0, 0, 20],
							"lerp_mode": "catmullrom"
						},
						"1.5417": {
							"post": [0, 0, 30],
							"lerp_mode": "catmullrom"
						}
					}
				},
				"bone29": {
					"rotation": {
						"0.0": {
							"post": [25.44068, -2.75516, 25.56622],
							"lerp_mode": "catmullrom"
						},
						"1.5417": {
							"post": [25.44068, -2.75516, 25.56622],
							"lerp_mode": "catmullrom"
						}
					}
				},
				"bone31": {
					"rotation": {
						"0.0": {
							"post": [0, 0, 37.5],
							"lerp_mode": "catmullrom"
						},
						"1.5417": {
							"post": [0, 0, 37.5],
							"lerp_mode": "catmullrom"
						}
					}
				},
				"bone28": {
					"rotation": {
						"0.0": {
							"post": [-2.72535, 2.55948, 18.69768],
							"lerp_mode": "catmullrom"
						},
						"1.5417": {
							"post": [-2.72535, 2.55948, 18.69768],
							"lerp_mode": "catmullrom"
						}
					}
				},
				"bone8": {
					"rotation": {
						"0.0": {
							"post": [0, 0, 30],
							"lerp_mode": "catmullrom"
						},
						"1.5417": {
							"post": [0, 0, 30],
							"lerp_mode": "catmullrom"
						}
					}
				},
				"bone27": {
					"rotation": {
						"0.0": {
							"post": [0, 0, 20],
							"lerp_mode": "catmullrom"
						},
						"1.5417": {
							"post": [0, 0, 20],
							"lerp_mode": "catmullrom"
						}
					}
				},
				"bone30": {
					"rotation": {
						"0.0": {
							"post": [0, 0, 30],
							"lerp_mode": "catmullrom"
						},
						"1.5417": {
							"post": [0, 0, 30],
							"lerp_mode": "catmullrom"
						}
					}
				},
				"tail": {
					"rotation": {
						"0.0": {
							"post": [10, 0, 0],
							"lerp_mode": "catmullrom"
						},
						"0.25": {
							"post": [0, 0, 0],
							"lerp_mode": "catmullrom"
						},
						"0.4167": {
							"post": [0, 0, 0],
							"lerp_mode": "catmullrom"
						},
						"1.5417": {
							"post": [10, 0, 0],
							"lerp_mode": "catmullrom"
						}
					}
				},
				"bone3": {
					"rotation": {
						"0.0": {
							"post": [0, 0, 0],
							"lerp_mode": "catmullrom"
						},
						"0.25": {
							"post": [12.5, 0, 0],
							"lerp_mode": "catmullrom"
						},
						"0.4167": {
							"post": [-2.5, 0, 0],
							"lerp_mode": "catmullrom"
						},
						"0.9583": {
							"post": [-2.5, 0, 0],
							"lerp_mode": "catmullrom"
						},
						"1.5417": {
							"post": [0, 0, 0],
							"lerp_mode": "catmullrom"
						}
					}
				},
				"bone5": {
					"rotation": {
						"0.0": {
							"post": [0, 0, 0],
							"lerp_mode": "catmullrom"
						},
						"0.25": {
							"post": [15, 0, 0],
							"lerp_mode": "catmullrom"
						},
						"0.4167": {
							"post": [5, 0, 0],
							"lerp_mode": "catmullrom"
						},
						"0.9583": {
							"post": [5, 0, 0],
							"lerp_mode": "catmullrom"
						},
						"1.5417": {
							"post": [0, 0, 0],
							"lerp_mode": "catmullrom"
						}
					}
				},
				"bone39": {
					"rotation": {
						"0.0": {
							"post": [0, 0, 0],
							"lerp_mode": "catmullrom"
						},
						"0.25": {
							"post": [15, 0, 0],
							"lerp_mode": "catmullrom"
						},
						"0.4167": {
							"post": [2.5, 0, 0],
							"lerp_mode": "catmullrom"
						},
						"0.9583": {
							"post": [2.5, 0, 0],
							"lerp_mode": "catmullrom"
						},
						"1.5417": {
							"post": [0, 0, 0],
							"lerp_mode": "catmullrom"
						}
					}
				},
				"leg_right": {
					"rotation": {
						"0.0": [0.58149, 19.94165, 4.51543],
						"0.25": [-24.41851, 19.94165, 4.51543],
						"0.4167": [-24.41851, 19.94165, 4.51543],
						"0.9583": [-24.41851, 19.94165, 4.51543],
						"1.5417": [0.58149, 19.94165, 4.51543]
					},
					"position": {
						"0.0": [0, 0, 0],
						"0.25": [0, 1, 0],
						"0.4167": [0, -1, -2],
						"0.9583": [0, -1, -2],
						"1.25": [0, 0.57, -0.86],
						"1.5417": [0, 0, 0]
					}
				},
				"bone6": {
					"rotation": {
						"0.0": {
							"post": [0, 0, 0],
							"lerp_mode": "catmullrom"
						},
						"0.25": {
							"post": [57.5, 0, 0],
							"lerp_mode": "catmullrom"
						},
						"0.4167": {
							"post": [15, 0, 0],
							"lerp_mode": "catmullrom"
						},
						"0.9583": {
							"post": [15, 0, 0],
							"lerp_mode": "catmullrom"
						},
						"1.5417": {
							"post": [0, 0, 0],
							"lerp_mode": "catmullrom"
						}
					}
				},
				"leg_left": {
					"rotation": {
						"0.0": [4.80383, -38.47233, -1.20902],
						"0.4167": [30.08953, -58.31915, -24.29587],
						"0.9583": [30.08953, -58.31915, -24.29587],
						"1.5417": [4.80383, -38.47233, -1.20902]
					},
					"position": {
						"0.0": [0, 0, 0],
						"0.4167": [0, 0, 1],
						"0.9583": [0, 0, 1],
						"1.5417": [0, 0, 0]
					}
				},
				"bone9": {
					"rotation": {
						"0.0": [0, 0, 0],
						"0.4167": [-12.5, 0, 0],
						"0.9583": [-12.5, 0, 0],
						"1.5417": [0, 0, 0]
					}
				},
				"bone10": {
					"rotation": {
						"0.0": [-2.48436, 0.75155, 2.38443],
						"0.25": [-2.83736, 2.57031, 8.93609],
						"0.4167": [5.35967, 3.31418, 12.05741],
						"0.9583": [5.35967, 3.31418, 12.05741],
						"1.5417": [-2.48436, 0.75155, 2.38443]
					}
				},
				"bone7": {
					"rotation": {
						"0.0": {
							"post": [0, 0, -5],
							"lerp_mode": "catmullrom"
						},
						"0.25": {
							"post": [-20, 0, -5],
							"lerp_mode": "catmullrom"
						},
						"0.4167": {
							"post": [10, 0, -5],
							"lerp_mode": "catmullrom"
						},
						"0.9583": {
							"post": [10, 0, -5],
							"lerp_mode": "catmullrom"
						},
						"1.5417": {
							"post": [0, 0, -5],
							"lerp_mode": "catmullrom"
						}
					}
				}
			}
		},
		"animation.druddigon.recoil": {
			"animation_length": 1.25,
			"bones": {
				"torso": {
					"rotation": {
						"0.0": {
							"post": [10, 0, 0],
							"lerp_mode": "catmullrom"
						},
						"0.0833": {
							"post": [22.5, 0, 0],
							"lerp_mode": "catmullrom"
						},
						"0.2083": {
							"post": [-5, 0, 0],
							"lerp_mode": "catmullrom"
						},
						"0.375": {
							"post": [41.10577, -12.71759, -3.86578],
							"lerp_mode": "catmullrom"
						},
						"0.9167": {
							"post": [41.10577, -12.71759, -3.86578],
							"lerp_mode": "catmullrom"
						},
						"1.25": {
							"post": [10, 0, 0],
							"lerp_mode": "catmullrom"
						}
					}
				},
				"torso_upper": {
					"rotation": {
						"0.0": {
							"post": [0, 0, 0],
							"lerp_mode": "catmullrom"
						},
						"0.0833": {
							"post": [10, 0, 0],
							"lerp_mode": "catmullrom"
						},
						"0.2083": {
							"post": [-5, 0, 10],
							"lerp_mode": "catmullrom"
						},
						"0.375": {
							"post": [2.97479, -17.22575, 6.86612],
							"lerp_mode": "catmullrom"
						},
						"0.9167": {
							"post": [2.97479, -17.22575, 6.86612],
							"lerp_mode": "catmullrom"
						},
						"1.25": {
							"post": [0, 0, 0],
							"lerp_mode": "catmullrom"
						}
					}
				},
				"bone4": {
					"rotation": {
						"0.0": {
							"post": [10, 0, 0],
							"lerp_mode": "catmullrom"
						},
						"0.0833": {
							"post": [17.5, 0, 0],
							"lerp_mode": "catmullrom"
						},
						"0.2083": {
							"post": [-5, 0, 0],
							"lerp_mode": "catmullrom"
						},
						"0.375": {
							"post": [2.5, 0, 0],
							"lerp_mode": "catmullrom"
						},
						"0.9167": {
							"post": [1.8516, 10.21235, -7.24677],
							"lerp_mode": "catmullrom"
						},
						"1.25": {
							"post": [10, 0, 0],
							"lerp_mode": "catmullrom"
						}
					}
				},
				"head": {
					"rotation": {
						"0.0": {
							"post": [0, 0, 0],
							"lerp_mode": "catmullrom"
						},
						"0.0833": {
							"post": [7.5, 0, 0],
							"lerp_mode": "catmullrom"
						},
						"0.2083": {
							"post": [-4.67941, -18.04376, 4.17652],
							"lerp_mode": "catmullrom"
						},
						"0.375": {
							"post": [2.82059, -18.04376, 4.17652],
							"lerp_mode": "catmullrom"
						},
						"0.6667": {
							"post": [11.32748, -19.25106, 4.45597],
							"lerp_mode": "catmullrom"
						},
						"0.9167": {
							"post": [-4.67941, -18.04376, 4.17652],
							"lerp_mode": "catmullrom"
						},
						"1.0": {
							"post": [-9.59618, -15.91643, 21.36255],
							"lerp_mode": "catmullrom"
						},
						"1.0833": {
							"post": [-2.94993, -7.7404, -8.82089],
							"lerp_mode": "catmullrom"
						},
						"1.1667": {
							"post": [-3.18373, -7.46437, 15.93063],
							"lerp_mode": "catmullrom"
						},
						"1.25": {
							"post": [0, 0, 0],
							"lerp_mode": "catmullrom"
						}
					}
				},
				"bone42": {
					"position": {
						"0.0": {
							"post": [0, 0, 0],
							"lerp_mode": "catmullrom"
						},
						"1.25": {
							"post": [0, 0, 0],
							"lerp_mode": "catmullrom"
						}
					}
				},
				"bone41": {
					"position": {
						"0.0": {
							"post": [0, 0, 0],
							"lerp_mode": "catmullrom"
						},
						"1.25": {
							"post": [0, 0, 0],
							"lerp_mode": "catmullrom"
						}
					}
				},
				"jaw": {
					"rotation": {
						"0.0": {
							"post": [10, 0, 0],
							"lerp_mode": "catmullrom"
						},
						"0.2083": {
							"post": [30, 0, 0],
							"lerp_mode": "catmullrom"
						},
						"0.375": {
							"post": [-5, 0, 0],
							"lerp_mode": "catmullrom"
						},
						"0.9167": {
							"post": [20, 0, 0],
							"lerp_mode": "catmullrom"
						},
						"1.25": {
							"post": [10, 0, 0],
							"lerp_mode": "catmullrom"
						}
					}
				},
				"bone21": {
					"rotation": {
						"0.0": {
							"post": [5.0088, -33.86414, -10.14253],
							"lerp_mode": "catmullrom"
						},
						"0.3333": {
							"post": [1.03799, -20.91608, -1.5788],
							"lerp_mode": "catmullrom"
						},
						"0.75": {
							"post": [12.62862, -45.68146, -21.77277],
							"lerp_mode": "catmullrom"
						},
						"1.25": {
							"post": [5.0088, -33.86414, -10.14253],
							"lerp_mode": "catmullrom"
						}
					}
				},
				"bone22": {
					"rotation": {
						"0.0": {
							"post": [0, -17.5, 0],
							"lerp_mode": "catmullrom"
						},
						"0.2083": {
							"post": [0, -35, 0],
							"lerp_mode": "catmullrom"
						},
						"0.4583": {
							"post": [0, -7.84, 0],
							"lerp_mode": "catmullrom"
						},
						"0.75": {
							"post": [0, -17.5, 0],
							"lerp_mode": "catmullrom"
						},
						"1.25": {
							"post": [0, -17.5, 0],
							"lerp_mode": "catmullrom"
						}
					}
				},
				"bone23": {
					"rotation": {
						"0.0": {
							"post": [0, -10, 0],
							"lerp_mode": "catmullrom"
						},
						"0.2083": {
							"post": [0, -25, 0],
							"lerp_mode": "catmullrom"
						},
						"0.4583": {
							"post": [0, -10.65, 0],
							"lerp_mode": "catmullrom"
						},
						"0.75": {
							"post": [0, -10, 0],
							"lerp_mode": "catmullrom"
						},
						"1.25": {
							"post": [0, -10, 0],
							"lerp_mode": "catmullrom"
						}
					}
				},
				"bone18": {
					"rotation": {
						"0.0": {
							"post": [7.29557, 30.57768, 10.68159],
							"lerp_mode": "catmullrom"
						},
						"0.3333": {
							"post": [2.04901, 4.9941, -5.9617],
							"lerp_mode": "catmullrom"
						},
						"0.75": {
							"post": [7.2835, 27.78924, 9.43564],
							"lerp_mode": "catmullrom"
						},
						"1.25": {
							"post": [7.29557, 30.57768, 10.68159],
							"lerp_mode": "catmullrom"
						}
					}
				},
				"bone19": {
					"rotation": {
						"0.0": {
							"post": [0, 17.5, 0],
							"lerp_mode": "catmullrom"
						},
						"0.2083": {
							"post": [0, 32.5, 0],
							"lerp_mode": "catmullrom"
						},
						"0.4583": {
							"post": [0, 13.15, 0],
							"lerp_mode": "catmullrom"
						},
						"0.75": {
							"post": [0, 17.5, 0],
							"lerp_mode": "catmullrom"
						},
						"1.25": {
							"post": [0, 17.5, 0],
							"lerp_mode": "catmullrom"
						}
					}
				},
				"bone20": {
					"rotation": {
						"0.0": {
							"post": [0, 10, 0],
							"lerp_mode": "catmullrom"
						},
						"0.2083": {
							"post": [0, 25, 0],
							"lerp_mode": "catmullrom"
						},
						"0.4583": {
							"post": [0, 13.15, 0],
							"lerp_mode": "catmullrom"
						},
						"0.75": {
							"post": [0, 10, 0],
							"lerp_mode": "catmullrom"
						},
						"1.25": {
							"post": [0, 10, 0],
							"lerp_mode": "catmullrom"
						}
					}
				},
				"arm_right": {
					"rotation": {
						"0.0": {
							"post": [-16.84089, -20.84342, -26.30777],
							"lerp_mode": "catmullrom"
						},
						"0.2083": {
							"post": [-51.84089, -20.84342, -26.30777],
							"lerp_mode": "catmullrom"
						},
						"0.375": {
							"post": [1.68274, 34.10034, -8.4382],
							"lerp_mode": "catmullrom"
						},
						"0.625": {
							"post": [-7.21919, 26.26846, -15.57107],
							"lerp_mode": "catmullrom"
						},
						"0.9167": {
							"post": [-24.61332, 10.37547, -43.69795],
							"lerp_mode": "catmullrom"
						},
						"1.25": {
							"post": [-16.84089, -20.84342, -26.30777],
							"lerp_mode": "catmullrom"
						}
					}
				},
				"bone24": {
					"rotation": {
						"0.0": {
							"post": [-44.68656, -67.31239, 21.33203],
							"lerp_mode": "catmullrom"
						},
						"0.375": {
							"post": [-4.0951, -42.28819, -22.59041],
							"lerp_mode": "catmullrom"
						},
						"0.625": {
							"post": [-28.64127, -49.41137, 9.64305],
							"lerp_mode": "catmullrom"
						},
						"0.9167": {
							"post": [-10.27929, -74.59074, -15.42263],
							"lerp_mode": "catmullrom"
						},
						"1.25": {
							"post": [-44.68656, -67.31239, 21.33203],
							"lerp_mode": "catmullrom"
						}
					}
				},
				"bone32": {
					"rotation": {
						"0.0": {
							"post": [0, 0, -27.5],
							"lerp_mode": "catmullrom"
						},
						"1.25": {
							"post": [0, 0, -27.5],
							"lerp_mode": "catmullrom"
						}
					}
				},
				"bone33": {
					"rotation": {
						"0.0": {
							"post": [25.22643, -8.65495, -51.44323],
							"lerp_mode": "catmullrom"
						},
						"1.25": {
							"post": [25.22643, -8.65495, -51.44323],
							"lerp_mode": "catmullrom"
						}
					}
				},
				"bone34": {
					"rotation": {
						"0.0": {
							"post": [0, 0, -22.5],
							"lerp_mode": "catmullrom"
						},
						"1.25": {
							"post": [0, 0, -22.5],
							"lerp_mode": "catmullrom"
						}
					}
				},
				"bone35": {
					"rotation": {
						"0.0": {
							"post": [-9.04107, -8.29262, -30.9502],
							"lerp_mode": "catmullrom"
						},
						"1.25": {
							"post": [-9.04107, -8.29262, -30.9502],
							"lerp_mode": "catmullrom"
						}
					}
				},
				"bone36": {
					"rotation": {
						"0.0": {
							"post": [0, 0, -22.5],
							"lerp_mode": "catmullrom"
						},
						"1.25": {
							"post": [0, 0, -22.5],
							"lerp_mode": "catmullrom"
						}
					}
				},
				"bone37": {
					"rotation": {
						"0.0": {
							"post": [0, 0, -27.5],
							"lerp_mode": "catmullrom"
						},
						"1.25": {
							"post": [0, 0, -27.5],
							"lerp_mode": "catmullrom"
						}
					}
				},
				"bone38": {
					"rotation": {
						"0.0": {
							"post": [0, 0, -37.5],
							"lerp_mode": "catmullrom"
						},
						"1.25": {
							"post": [0, 0, -37.5],
							"lerp_mode": "catmullrom"
						}
					}
				},
				"arm_left": {
					"rotation": {
						"0.0": {
							"post": [-8.20534, 31.16551, 24.49871],
							"lerp_mode": "catmullrom"
						},
						"0.2083": {
							"post": [-46.67151, 32.47862, 1.83978],
							"lerp_mode": "catmullrom"
						},
						"0.375": {
							"post": [-36.89723, 3.88066, 28.20353],
							"lerp_mode": "catmullrom"
						},
						"0.9167": {
							"post": [-36.64707, -4.15889, 34.16057],
							"lerp_mode": "catmullrom"
						},
						"1.25": {
							"post": [-8.20534, 31.16551, 24.49871],
							"lerp_mode": "catmullrom"
						}
					}
				},
				"bone25": {
					"rotation": {
						"0.0": {
							"post": [-41.2434, 56.98175, -21.3751],
							"lerp_mode": "catmullrom"
						},
						"0.375": {
							"post": [19.31577, 64.9262, 47.32826],
							"lerp_mode": "catmullrom"
						},
						"1.25": {
							"post": [-41.2434, 56.98175, -21.3751],
							"lerp_mode": "catmullrom"
						}
					}
				},
				"bone26": {
					"rotation": {
						"0.0": {
							"post": [0, 0, 30],
							"lerp_mode": "catmullrom"
						},
						"1.25": {
							"post": [0, 0, 30],
							"lerp_mode": "catmullrom"
						}
					}
				},
				"bone29": {
					"rotation": {
						"0.0": {
							"post": [25.44068, -2.75516, 25.56622],
							"lerp_mode": "catmullrom"
						},
						"1.25": {
							"post": [25.44068, -2.75516, 25.56622],
							"lerp_mode": "catmullrom"
						}
					}
				},
				"bone31": {
					"rotation": {
						"0.0": {
							"post": [0, 0, 37.5],
							"lerp_mode": "catmullrom"
						},
						"1.25": {
							"post": [0, 0, 37.5],
							"lerp_mode": "catmullrom"
						}
					}
				},
				"bone28": {
					"rotation": {
						"0.0": {
							"post": [-2.72535, 2.55948, 18.69768],
							"lerp_mode": "catmullrom"
						},
						"1.25": {
							"post": [-2.72535, 2.55948, 18.69768],
							"lerp_mode": "catmullrom"
						}
					}
				},
				"bone8": {
					"rotation": {
						"0.0": {
							"post": [0, 0, 30],
							"lerp_mode": "catmullrom"
						},
						"1.25": {
							"post": [0, 0, 30],
							"lerp_mode": "catmullrom"
						}
					}
				},
				"bone27": {
					"rotation": {
						"0.0": {
							"post": [0, 0, 20],
							"lerp_mode": "catmullrom"
						},
						"1.25": {
							"post": [0, 0, 20],
							"lerp_mode": "catmullrom"
						}
					}
				},
				"bone30": {
					"rotation": {
						"0.0": {
							"post": [0, 0, 30],
							"lerp_mode": "catmullrom"
						},
						"1.25": {
							"post": [0, 0, 30],
							"lerp_mode": "catmullrom"
						}
					}
				},
				"tail": {
					"rotation": {
						"0.0": {
							"post": [10, 0, 0],
							"lerp_mode": "catmullrom"
						},
						"0.375": {
							"post": [-14.69433, -3.74849, -0.61197],
							"lerp_mode": "catmullrom"
						},
						"0.9167": {
							"post": [-14.69433, -3.74849, -0.61197],
							"lerp_mode": "catmullrom"
						},
						"1.25": {
							"post": [10, 0, 0],
							"lerp_mode": "catmullrom"
						}
					}
				},
				"bone3": {
					"rotation": {
						"0.0": {
							"post": [0, 0, 0],
							"lerp_mode": "catmullrom"
						},
						"0.2083": {
							"post": [10, 0, 0],
							"lerp_mode": "catmullrom"
						},
						"0.375": {
							"post": [-2.5, 0, 0],
							"lerp_mode": "catmullrom"
						},
						"0.9167": {
							"post": [-2.5, 0, 0],
							"lerp_mode": "catmullrom"
						},
						"1.25": {
							"post": [0, 0, 0],
							"lerp_mode": "catmullrom"
						}
					}
				},
				"bone5": {
					"rotation": {
						"0.0": {
							"post": [0, 0, 0],
							"lerp_mode": "catmullrom"
						},
						"0.2083": {
							"post": [12.5, 0, 0],
							"lerp_mode": "catmullrom"
						},
						"0.375": {
							"post": [2.5, 0, 0],
							"lerp_mode": "catmullrom"
						},
						"0.9167": {
							"post": [2.5, 0, 0],
							"lerp_mode": "catmullrom"
						},
						"1.25": {
							"post": [0, 0, 0],
							"lerp_mode": "catmullrom"
						}
					}
				},
				"bone39": {
					"rotation": {
						"0.0": {
							"post": [0, 0, 0],
							"lerp_mode": "catmullrom"
						},
						"0.2083": {
							"post": [12.5, 0, 0],
							"lerp_mode": "catmullrom"
						},
						"1.25": {
							"post": [0, 0, 0],
							"lerp_mode": "catmullrom"
						}
					}
				},
				"leg_right": {
					"rotation": {
						"0.0": [0.58149, 19.94165, 4.51543],
						"0.375": [-11.91851, 19.94165, 4.51543],
						"0.9167": [-11.91851, 19.94165, 4.51543],
						"1.25": [0.58149, 19.94165, 4.51543]
					}
				},
				"bone14": {
					"rotation": {
						"0.0": {
							"post": [2.5, 0, -5],
							"lerp_mode": "catmullrom"
						},
						"1.25": {
							"post": [2.5, 0, -5],
							"lerp_mode": "catmullrom"
						}
					}
				},
				"leg_left": {
					"rotation": {
						"0.0": [4.80383, -38.47233, -1.20902],
						"0.2083": [-35.19617, -38.47233, -1.20902],
						"0.375": [-13.39553, -24.98223, -18.67474],
						"0.9167": [-13.39553, -24.98223, -18.67474],
						"1.25": [4.80383, -38.47233, -1.20902]
					},
					"position": {
						"0.0": [0, 0, 0],
						"0.2083": [0, 0, 0],
						"0.375": [0, -1.5, 0],
						"0.9167": [0, -1.5, 0],
						"1.0833": [0, 0.25, 0],
						"1.25": [0, 0, 0]
					}
				},
				"bone10": {
					"rotation": {
						"0.0": {
							"post": [-4.98436, 0.75155, 2.38443],
							"lerp_mode": "catmullrom"
						},
						"0.2083": {
							"post": [15.01564, 0.75155, 2.38443],
							"lerp_mode": "catmullrom"
						},
						"0.375": {
							"post": [15.12436, 0.07509, 17.36965],
							"lerp_mode": "catmullrom"
						},
						"0.9167": {
							"post": [15.12436, 0.07509, 17.36965],
							"lerp_mode": "catmullrom"
						},
						"1.25": {
							"post": [-4.98436, 0.75155, 2.38443],
							"lerp_mode": "catmullrom"
						}
					}
				},
				"body": {
					"position": {
						"0.0": [0, 0, 0],
						"0.375": [0, 0, 2],
						"0.4167": [0, -0.25, 2],
						"0.4583": [0, 0, 2],
						"0.5": [0, -0.25, 2],
						"0.5417": [0, 0, 2],
						"0.5833": [0, -0.25, 2],
						"0.625": [0, 0, 2],
						"0.6667": [0, -0.25, 2],
						"0.7083": [0, 0, 2],
						"0.9167": [0, 0, 2],
						"1.25": [0, 0, 0]
					}
				},
				"bone6": {
					"rotation": {
						"0.0": [0, 0, 0],
						"0.375": [-7.5, 0, 0],
						"0.9167": [-7.5, 0, 0],
						"1.25": [0, 0, 0]
					}
				},
				"bone7": {
					"rotation": {
						"0.0": [0, 0, 0],
						"0.375": [22.5, 0, 0],
						"0.9167": [22.5, 0, 0],
						"1.25": [0, 0, 0]
					}
				},
				"bone9": {
					"rotation": {
						"0.0": {
							"post": [0, 0, 0],
							"lerp_mode": "catmullrom"
						},
						"0.2083": {
							"post": [17.5, 0, 0],
							"lerp_mode": "catmullrom"
						},
						"0.375": {
							"post": [7.5, 0, 0],
							"lerp_mode": "catmullrom"
						},
						"0.9167": {
							"post": [7.5, 0, 0],
							"lerp_mode": "catmullrom"
						},
						"1.25": {
							"post": [0, 0, 0],
							"lerp_mode": "catmullrom"
						}
					}
				}
			}
		},
		"animation.druddigon.faint": {
			"animation_length": 8.25,
			"bones": {
				"body": {
					"position": {
						"0.0": [0, 0, 0],
						"0.4583": [0, 0, 0],
						"0.5": [0, -0.25, 0],
						"0.5417": [0, 0, 0],
						"0.5833": [0, -0.25, 0],
						"0.625": [0, 0, 0],
						"1.2917": [0, 0, 0],
						"1.5417": [0, -4, 4],
						"1.5833": [0, -5, 4],
						"1.625": [0, -4, 4],
						"1.6667": [0, -5, 4],
						"1.7083": [0, -4, 4],
						"1.8333": [0, -4, 4]
					}
				},
				"torso": {
					"rotation": {
						"0.0": {
							"post": [10, 0, 0],
							"lerp_mode": "catmullrom"
						},
						"0.5": {
							"post": [-7.45376, -4.88119, -1.08482],
							"lerp_mode": "catmullrom"
						},
						"1.2917": {
							"post": [-7.5, 0, 0],
							"lerp_mode": "catmullrom"
						},
						"1.5417": {
							"post": [25, 0, 0],
							"lerp_mode": "catmullrom"
						},
						"1.625": {
							"post": [32.5, 0, 0],
							"lerp_mode": "catmullrom"
						},
						"1.8333": {
							"post": [25, 0, 0],
							"lerp_mode": "catmullrom"
						}
					}
				},
				"torso_upper": {
					"rotation": {
						"0.0": {
							"post": [0, 0, 0],
							"lerp_mode": "catmullrom"
						},
						"0.1667": {
							"post": [16.67, 0, 0],
							"lerp_mode": "catmullrom"
						},
						"0.5": {
							"post": [5, 0, 0],
							"lerp_mode": "catmullrom"
						},
						"1.2917": {
							"post": [5, 0, 0],
							"lerp_mode": "catmullrom"
						},
						"1.5417": {
							"post": [5.29362, 12.19908, 2.74715],
							"lerp_mode": "catmullrom"
						},
						"1.8333": {
							"post": [5.29362, 12.19908, 2.74715],
							"lerp_mode": "catmullrom"
						}
					}
				},
				"bone4": {
					"rotation": {
						"0.0": {
							"post": [10, 0, 0],
							"lerp_mode": "catmullrom"
						},
						"0.5": {
							"post": [-10, 0, 0],
							"lerp_mode": "catmullrom"
						},
						"1.2917": {
							"post": [-10, 0, 0],
							"lerp_mode": "catmullrom"
						},
						"1.5417": {
							"post": [18.46133, 8.99309, 6.65086],
							"lerp_mode": "catmullrom"
						},
						"1.625": {
							"post": [23.46133, 8.99309, 6.65086],
							"lerp_mode": "catmullrom"
						},
						"1.7083": {
							"post": [24.44133, 8.99309, 6.65086],
							"lerp_mode": "catmullrom"
						},
						"1.8333": {
							"post": [18.46133, 8.99309, 6.65086],
							"lerp_mode": "catmullrom"
						}
					}
				},
				"head": {
					"rotation": {
						"0.0": {
							"post": [0, 0, 0],
							"lerp_mode": "catmullrom"
						},
						"0.1667": {
							"post": [15, 0, 0],
							"lerp_mode": "catmullrom"
						},
						"0.5": {
							"post": [0, 0, 0],
							"lerp_mode": "catmullrom"
						},
						"1.2917": {
							"post": [0, 0, 0],
							"lerp_mode": "catmullrom"
						},
						"1.5417": {
							"post": [17.59468, 4.32875, 2.50477],
							"lerp_mode": "catmullrom"
						},
						"1.625": {
							"post": [22.59468, 4.32875, 2.50477],
							"lerp_mode": "catmullrom"
						},
						"1.7083": {
							"post": [26.07468, 4.32875, 2.50477],
							"lerp_mode": "catmullrom"
						},
						"1.8333": {
							"post": [17.59468, 4.32875, 2.50477],
							"lerp_mode": "catmullrom"
						}
					}
				},
				"bone42": {
					"position": {
						"0.0": [0, 0, 0],
						"0.5": {"pre": [0, 0, 0], "post": [-1, 0, 0]}
					}
				},
				"bone41": {
					"position": {
						"0.0": [0, 0, 0],
						"0.5": {"pre": [0, 0, 0], "post": [1, 0, 0]}
					}
				},
				"jaw": {
					"rotation": {
						"0.0": {
							"post": [10, 0, 0],
							"lerp_mode": "catmullrom"
						},
						"0.5": {
							"post": [37.5, 0, 0],
							"lerp_mode": "catmullrom"
						},
						"1.2917": {
							"post": [5, 0, 0],
							"lerp_mode": "catmullrom"
						},
						"1.5417": {
							"post": [-2.5, 0, 0],
							"lerp_mode": "catmullrom"
						},
						"1.8333": {
							"post": [-2.5, 0, 0],
							"lerp_mode": "catmullrom"
						}
					}
				},
				"bone21": {
					"rotation": {
						"0.0": {
							"post": [5.0088, -33.86414, -10.14253],
							"lerp_mode": "catmullrom"
						},
						"1.2917": {
							"post": [3.53475, -30.5225, -7.55977],
							"lerp_mode": "catmullrom"
						},
						"2.2083": {
							"post": [12.4821, -46.0113, -21.69579],
							"lerp_mode": "catmullrom"
						}
					}
				},
				"bone22": {
					"rotation": {
						"0.0": {
							"post": [0, -17.5, 0],
							"lerp_mode": "catmullrom"
						},
						"1.2917": {
							"post": [0, -11.4, 0],
							"lerp_mode": "catmullrom"
						},
						"1.9583": {
							"post": [0, 1.29, 0],
							"lerp_mode": "catmullrom"
						},
						"2.2083": {
							"post": [0, -31.4, 0],
							"lerp_mode": "catmullrom"
						}
					}
				},
				"bone23": {
					"rotation": {
						"0.0": {
							"post": [0, -10, 0],
							"lerp_mode": "catmullrom"
						},
						"0.5": {
							"post": [0, -10, 0],
							"lerp_mode": "catmullrom"
						},
						"1.6667": {
							"post": [0, 15, 0],
							"lerp_mode": "catmullrom"
						},
						"2.0417": {
							"post": [0, -10, 0],
							"lerp_mode": "catmullrom"
						}
					}
				},
				"bone18": {
					"rotation": {
						"0.0": {
							"post": [7.29557, 30.57768, 10.68159],
							"lerp_mode": "catmullrom"
						},
						"1.2917": {
							"post": [4.62615, 23.26645, 5.11551],
							"lerp_mode": "catmullrom"
						},
						"2.2083": {
							"post": [15.80246, 44.24757, 24.54162],
							"lerp_mode": "catmullrom"
						}
					}
				},
				"bone19": {
					"rotation": {
						"0.0": {
							"post": [0, 17.5, 0],
							"lerp_mode": "catmullrom"
						},
						"1.2917": {
							"post": [0, 1.05, 0],
							"lerp_mode": "catmullrom"
						},
						"1.9583": {
							"post": [0, -1.82, 0],
							"lerp_mode": "catmullrom"
						},
						"2.2083": {
							"post": [0, 16.05, 0],
							"lerp_mode": "catmullrom"
						}
					}
				},
				"bone20": {
					"rotation": {
						"0.0": {
							"post": [0, 10, 0],
							"lerp_mode": "catmullrom"
						},
						"0.5": {
							"post": [0, 10, 0],
							"lerp_mode": "catmullrom"
						},
						"1.6667": {
							"post": [0, -7.5, 0],
							"lerp_mode": "catmullrom"
						},
						"2.2083": {
							"post": [0, 10, 0],
							"lerp_mode": "catmullrom"
						}
					}
				},
				"arm_right": {
					"rotation": {
						"0.0": {
							"post": [-16.84089, -20.84342, -26.30777],
							"lerp_mode": "catmullrom"
						},
						"0.5": {
							"post": [-9.95476, -24.28998, -42.44306],
							"lerp_mode": "catmullrom"
						},
						"1.2917": {
							"post": [-9.95476, -24.28998, -42.44306],
							"lerp_mode": "catmullrom"
						},
						"1.5417": {
							"post": [-6.77872, 30.85852, -29.57916],
							"lerp_mode": "catmullrom"
						},
						"1.625": {
							"post": [-7.33921, 38.30527, -30.6333],
							"lerp_mode": "catmullrom"
						},
						"1.8333": {
							"post": [-6.77872, 30.85852, -29.57916],
							"lerp_mode": "catmullrom"
						}
					}
				},
				"bone24": {
					"rotation": {
						"0.0": {
							"post": [-44.68656, -67.31239, 21.33203],
							"lerp_mode": "catmullrom"
						},
						"0.1667": {
							"post": [-88.60909, -73.47413, 68.28708],
							"lerp_mode": "catmullrom"
						},
						"0.5": {
							"post": [-24.50177, -46.3094, -2.98792],
							"lerp_mode": "catmullrom"
						},
						"1.2917": {
							"post": [-24.50177, -46.3094, -2.98792],
							"lerp_mode": "catmullrom"
						},
						"1.5417": {
							"post": [-178.57454, -69.07056, 162.67244],
							"lerp_mode": "catmullrom"
						},
						"1.625": {
							"post": [-178.80944, -64.07185, 162.93338],
							"lerp_mode": "catmullrom"
						},
						"1.8333": {
							"post": [-178.57454, -69.07056, 162.67244],
							"lerp_mode": "catmullrom"
						}
					}
				},
				"bone32": {
					"rotation": {
						"0.0": [0, 0, -27.5],
						"0.5": [0, 0, -27.5]
					}
				},
				"bone33": {
					"rotation": {
						"0.0": [25.22643, -8.65495, -51.44323],
						"0.5": [25.22643, -8.65495, -51.44323]
					}
				},
				"bone34": {
					"rotation": {
						"0.0": [0, 0, -22.5],
						"0.5": [0, 0, -22.5]
					}
				},
				"bone35": {
					"rotation": {
						"0.0": [-9.04107, -8.29262, -30.9502],
						"0.5": [-9.04107, -8.29262, -30.9502]
					}
				},
				"bone36": {
					"rotation": {
						"0.0": [0, 0, -22.5],
						"0.5": [0, 0, -22.5]
					}
				},
				"bone37": {
					"rotation": {
						"0.0": [0, 0, -27.5],
						"0.5": [0, 0, -27.5]
					}
				},
				"bone38": {
					"rotation": {
						"0.0": [0, 0, -37.5],
						"0.5": [0, 0, -37.5]
					}
				},
				"arm_left": {
					"rotation": {
						"0.0": {
							"post": [-8.20534, 31.16551, 24.49871],
							"lerp_mode": "catmullrom"
						},
						"0.5": {
							"post": [5.40848, 31.58691, 48.64977],
							"lerp_mode": "catmullrom"
						},
						"1.2917": {
							"post": [5.40848, 31.58691, 48.64977],
							"lerp_mode": "catmullrom"
						},
						"1.5417": {
							"post": [-12.77555, 1.35188, 14.51426],
							"lerp_mode": "catmullrom"
						},
						"1.625": {
							"post": [-12.76902, -5.96911, 16.14419],
							"lerp_mode": "catmullrom"
						},
						"1.8333": {
							"post": [-12.77555, 1.35188, 14.51426],
							"lerp_mode": "catmullrom"
						}
					}
				},
				"bone25": {
					"rotation": {
						"0.0": {
							"post": [-41.2434, 56.98175, -21.3751],
							"lerp_mode": "catmullrom"
						},
						"0.1667": {
							"post": [-108.95984, 67.7573, -96.74836],
							"lerp_mode": "catmullrom"
						},
						"0.5": {
							"post": [-29.07358, 40.48377, -4.75199],
							"lerp_mode": "catmullrom"
						},
						"1.2917": {
							"post": [-29.07358, 40.48377, -4.75199],
							"lerp_mode": "catmullrom"
						},
						"1.5417": {
							"post": [3.17838, 67.18147, 42.79453],
							"lerp_mode": "catmullrom"
						},
						"1.625": {
							"post": [6.11772, 79.64475, 45.88641],
							"lerp_mode": "catmullrom"
						},
						"1.8333": {
							"post": [3.17838, 67.18147, 42.79453],
							"lerp_mode": "catmullrom"
						}
					}
				},
				"bone26": {
					"rotation": {
						"0.0": {
							"post": [0, 0, 30],
							"lerp_mode": "catmullrom"
						},
						"1.2917": {
							"post": [0, 0, 30],
							"lerp_mode": "catmullrom"
						},
						"1.5417": {
							"post": [0, -27.5, 30],
							"lerp_mode": "catmullrom"
						},
						"1.8333": {
							"post": [0, -27.5, 30],
							"lerp_mode": "catmullrom"
						}
					}
				},
				"bone29": {
					"rotation": {
						"0.0": {
							"post": [25.44068, -2.75516, 25.56622],
							"lerp_mode": "catmullrom"
						},
						"1.2917": {
							"post": [25.44068, -2.75516, 25.56622],
							"lerp_mode": "catmullrom"
						},
						"1.5417": {
							"post": [43.14701, -17.16506, 52.57984],
							"lerp_mode": "catmullrom"
						},
						"1.8333": {
							"post": [43.14701, -17.16506, 52.57984],
							"lerp_mode": "catmullrom"
						}
					}
				},
				"bone31": {
					"rotation": {
						"0.0": [0, 0, 37.5],
						"0.5": [0, 0, 37.5]
					}
				},
				"bone28": {
					"rotation": {
						"0.0": {
							"post": [-2.72535, 2.55948, 18.69768],
							"lerp_mode": "catmullrom"
						},
						"1.2917": {
							"post": [-2.72535, 2.55948, 18.69768],
							"lerp_mode": "catmullrom"
						},
						"1.5417": {
							"post": [-28.61928, 10.31988, 55.51676],
							"lerp_mode": "catmullrom"
						},
						"1.8333": {
							"post": [-28.61928, 10.31988, 55.51676],
							"lerp_mode": "catmullrom"
						}
					}
				},
				"bone8": {
					"rotation": {
						"0.0": [0, 0, 30],
						"0.5": [0, 0, 30]
					}
				},
				"bone27": {
					"rotation": {
						"0.0": [0, 0, 20],
						"0.5": [0, 0, 20],
						"1.125": [0, 0, 42.5]
					}
				},
				"bone30": {
					"rotation": {
						"0.0": [0, 0, 30],
						"0.5": [0, 0, 30]
					}
				},
				"tail": {
					"rotation": {
						"0.0": {
							"post": [10, 0, 0],
							"lerp_mode": "catmullrom"
						},
						"0.5": {
							"post": [10, 0, 0],
							"lerp_mode": "catmullrom"
						},
						"1.2917": {
							"post": [10, 0, 0],
							"lerp_mode": "catmullrom"
						},
						"1.625": {
							"post": [20, 0, 0],
							"lerp_mode": "catmullrom"
						},
						"2.0": {
							"post": [-10, 0, 0],
							"lerp_mode": "catmullrom"
						}
					}
				},
				"bone3": {
					"rotation": {
						"0.0": {
							"post": [0, 0, 0],
							"lerp_mode": "catmullrom"
						},
						"0.5": {
							"post": [0, 0, 0],
							"lerp_mode": "catmullrom"
						},
						"1.2917": {
							"post": [0, 0, 0],
							"lerp_mode": "catmullrom"
						},
						"1.625": {
							"post": [15, 0, 0],
							"lerp_mode": "catmullrom"
						},
						"2.0": {
							"post": [-4.73644, -1.42201, 3.18288],
							"lerp_mode": "catmullrom"
						}
					}
				},
				"bone5": {
					"rotation": {
						"0.0": {
							"post": [0, 0, 0],
							"lerp_mode": "catmullrom"
						},
						"0.5": {
							"post": [0, 0, 0],
							"lerp_mode": "catmullrom"
						},
						"1.2917": {
							"post": [0, 0, 0],
							"lerp_mode": "catmullrom"
						},
						"1.625": {
							"post": [10, 0, 0],
							"lerp_mode": "catmullrom"
						},
						"2.0": {
							"post": [0, 0, 0],
							"lerp_mode": "catmullrom"
						}
					}
				},
				"bone39": {
					"rotation": {
						"0.0": {
							"post": [0, 0, 0],
							"lerp_mode": "catmullrom"
						},
						"0.5": {
							"post": [0, 0, 0],
							"lerp_mode": "catmullrom"
						},
						"1.2917": {
							"post": [0, 0, 0],
							"lerp_mode": "catmullrom"
						},
						"1.625": {
							"post": [7.5, 0, 0],
							"lerp_mode": "catmullrom"
						},
						"2.0": {
							"post": [-5, 0, 0],
							"lerp_mode": "catmullrom"
						}
					}
				},
				"leg_right": {
					"rotation": {
						"0.0": [0.58149, 19.94165, 4.51543],
						"1.2917": [0.58149, 19.94165, 4.51543],
						"1.5417": [-54.41851, 19.94165, 4.51543],
						"1.8333": [-54.41851, 19.94165, 4.51543]
					}
				},
				"bone6": {
					"rotation": {
						"0.0": [0, 0, 0],
						"1.2917": [0, 0, 0],
						"1.5417": [47.5, 0, 0],
						"1.8333": [47.5, 0, 0]
					}
				},
				"bone14": {
					"rotation": {
						"0.0": [2.4905, -0.21782, -0.00473],
						"0.5": [2.4905, -0.21782, -0.00473]
					}
				},
				"bone7": {
					"rotation": {
						"0.0": [0, 0, -5],
						"1.2917": [0, 0, -5],
						"1.5417": [10.0095, -0.21782, -4.99527],
						"1.8333": [10.0095, -0.21782, -4.99527]
					}
				},
				"leg_left": {
					"rotation": {
						"0.0": [4.80383, -38.47233, -1.20902],
						"0.25": [-10.19617, -38.47233, -1.20902],
						"0.4583": [4.80383, -38.47233, -1.20902],
						"1.2917": [4.80383, -38.47233, -1.20902],
						"1.375": [-3.77776, -23.24273, -2.56575],
						"1.5417": [20.85697, -11.05905, -3.65113],
						"1.8333": [20.85697, -11.05905, -3.65113]
					},
					"position": {
						"0.0": [0, 0, 0],
						"0.25": [0, 2, 1.09],
						"0.4583": [0, 0, 2],
						"1.2917": [0, 0, 2],
						"1.375": [0, 3, 0.89],
						"1.5417": [0, 0, 0],
						"1.8333": [0, 0, 0]
					}
				},
				"bone9": {
					"rotation": {
						"0.0": [0, 0, 0],
						"0.25": [15, 0, 0],
						"0.4583": [0, 0, 0],
						"1.2917": [0, 0, 0],
						"1.5417": [72.5, 0, 0],
						"1.8333": [72.5, 0, 0]
					}
				},
				"bone10": {
					"rotation": {
						"0.0": [-4.98436, 0.75155, 2.38443],
						"0.5": [-4.98436, 0.75155, 2.38443],
						"1.2917": [-4.98436, 0.75155, 2.38443],
						"1.5417": [-17.48436, 0.75155, 2.38443],
						"1.8333": [-17.48436, 0.75155, 2.38443]
					}
				},
				"toes_left": {
					"rotation": {
						"0.0": [0, 0, 0],
						"1.2917": [0, 0, 0],
						"1.375": [-6.11, 0, 0],
						"1.5417": [-65, 0, 0],
						"1.8333": [-65, 0, 0]
					}
				},
				"bone40": {
					"position": {
						"0.0": [0, 0, 0],
						"0.625": [0, 0, 0]
					}
				}
			}
		}
	}
}