{
	"format_version": "1.8.0",
	"animations": {
		"animation.latias.air_idle": {
			"loop": true,
			"bones": {
				"head": {
					"position": [0, 2.3, 0.6]
				},
				"torso": {
					"rotation": [-17.5, 0, 0],
					"position": [0, 1, 0.4]
				},
				"hips": {
					"rotation": [-17.5, 0, 0],
					"position": [0, -2, 0]
				},
				"foots": {
					"rotation": [-5, 0, 0]
				},
				"wing": {
					"rotation": [-17.5, 0, 0],
					"position": [0, -2, 1]
				},
				"arm_l": {
					"rotation": [0, -27.5, 0],
					"position": [1, -1, 0]
				},
				"arm_r": {
					"rotation": [0, 27.5, 0],
					"position": [-1, -1, 0]
				},
				"left": {
					"rotation": [12.5, 0, 0],
					"position": [1, -1, -1]
				},
				"right": {
					"rotation": [12.5, 0, 0],
					"position": [-1, -1, -1]
				}
			}
		},
		"animation.latias.air_walk": {
			"loop": true,
			"bones": {
				"latias": {
					"position": [0, -1, 0]
				},
				"hips": {
					"rotation": [-2.5, 0, 0],
					"position": [0, -0.2, 0]
				},
				"wing": {
					"rotation": [-2.5, 0, 0]
				},
				"arm_l": {
					"rotation": [0, 0, -62.5]
				},
				"arm_r": {
					"rotation": [0, 0, 62.5]
				},
				"left": {
					"rotation": [63, -5, -11],
					"position": [1, -1, -0.5]
				},
				"right": {
					"rotation": [63, -5, 11],
					"position": [-1, -1, -0.5]
				}
			}
		},
		"animation.latias.blink": {
			"animation_length": 0.1667,
			"bones": {
				"eyes": {
					"scale": [1, 1, 0]
				},
				"mouth": {
					"scale": [0, 1, 1]
				}
			}
		},
		"animation.latias.cry": {
			"animation_length": 2.1667,
			"bones": {
				"head": {
					"rotation": {
						"0.0": [0, 0, 0],
						"0.3667": [-10, 0, 0],
						"1.6333": [-10, 0, 0],
						"1.8": [0, 0, 0]
					}
				},
				"eyes": {
					"scale": {
						"0.3333": [1, 1, 1],
						"0.6667": [0.9, 1, 1.1429],
						"1.5": [1, 1, 1]
					}
				},
				"mouth": {
					"position": {
						"0.0": [0, 0, 0],
						"0.6": [0, -0.1, 0],
						"1.3": [0, -0.1, 0],
						"1.4667": [0, -0.1, 0],
						"2.1667": [0, 0.1, 0]
					}
				}
			},
			"sound_effects": {
				"0.5": {
					"effect": "pokemon.latias.cry"
				}
			}
		},
		"animation.latias.water_idle": {
			"loop": true,
			"bones": {
				"head": {
					"position": [0, 2.3, 0.6]
				},
				"torso": {
					"rotation": [-17.5, 0, 0],
					"position": [0, 1, 0.4]
				},
				"hips": {
					"rotation": [-17.5, 0, 0],
					"position": [0, -2, 0]
				},
				"foots": {
					"rotation": [-5, 0, 0]
				},
				"wing": {
					"rotation": [-17.5, 0, 0],
					"position": [0, -2, 1]
				},
				"arm_l": {
					"rotation": [0, -27.5, 0],
					"position": [5, -1, 0]
				},
				"arm_r": {
					"rotation": [0, 27.5, 0],
					"position": [-6, -1, 0]
				},
				"left": {
					"rotation": [-17.5, 0, 0],
					"position": [3, -1.2, 0]
				},
				"right": {
					"rotation": [-17.5, 0, 0],
					"position": [-3, -1.2, 0]
				},
				"left_ha": {
					"position": [3, 0, 0]
				},
				"right_ha": {
					"position": [-2, 0, 0]
				}
			}
		},
		"animation.latias.water_swim": {
			"loop": true,
			"bones": {
				"latias": {
					"position": [0, -1, 0]
				},
				"hips": {
					"rotation": [-2.5, 0, 0],
					"position": [0, -0.2, 0]
				},
				"wing": {
					"rotation": [-2.5, 0, 0]
				},
				"arm_l": {
					"position": [5, 0, 0]
				},
				"arm_r": {
					"position": [-6, 0, 0]
				},
				"left": {
					"rotation": [-2.5, 0, 0],
					"position": [3, 0.4, 0.5]
				},
				"right": {
					"rotation": [-2.5, 0, 0],
					"position": [-3, 0.4, 0.5]
				},
				"left_ha": {
					"position": [2, 0, 0]
				},
				"right_ha": {
					"position": [-2, 0, 0]
				}
			}
		}
	}
}