{
  "enabled": true,
  "neededInstalledMods": [],
  "neededUninstalledMods": [],
  "spawns": [
      {
          "id": "latias-1",
          "pokemon": "latias",
          "presets": [
              "natural"
          ],
          "type": "pokemon",
          "context": "grounded",
          "bucket": "rare",
          "level": "30-35",
          "weight": 2,
          "condition": {
              "canSeeSky": true,
              "biomes": [
                  "#cobblemon:is_coast"
              ]
          }
      }
  ]
}