{
  "enabled": true,
  "neededInstalledMods": [],
  "neededUninstalledMods": [],
  "spawns": [
      {
          "id": "meloetta-1",
          "pokemon": "meloetta",
          "presets": [
              "natural"
          ],
          "type": "pokemon",
          "context": "grounded",
          "bucket": "rare",
          "level": "10-15",
          "weight": 5,
          "condition": {
              "canSeeSky": true,
              "biomes": [
                  "#cobblemon:is_forest",
                  "#cobblemon:is_floral"
              ],
              "timeRange": "day"
      }
    }
  ]
}