{
  "portraitScale": 2,
  "portraitTranslation": [ -0.375, 2.75, 0 ],
  "profileScale": 0.55,
  "profileTranslation": [ 0, 1.05, 0 ],
  "animations": {},
  "poses": { 
    "battle-standing": {
      "poseTypes": ["STAND"],
      "isBattle": true,
      "animations": [
        "q.look('head')",
        "q.bedrock('electrike', 'ground_idle')"
      ]
    },
    "standing": {
      "poseTypes": ["STAND", "NONE", "PORTRAIT", "PROFILE"],
      "isBattle": false,
      "animations": [
        "q.look('head')",
        "q.bedrock('electrike', 'ground_idle')"
      ]
    },
    "walking": {
      "poseTypes": ["WALK", "SWIM"],
      "animations": [
        "q.look('head')",
        "q.bedrock('electrike', 'ground_walk')"
      ]
    }
  }
}